iteration,params,startmove,response,score
0,11,-1.0,-1.0,1.3194149117420508
0,11,-0.988,-1.0,1.319086418635571
0,11,-0.951,-1.0,1.3205743306690756
0,11,-0.891,-1.0,1.320490748919457
0,11,-0.809,-1.0,1.3213766359433927
0,11,-0.707,-1.0,1.3232265267813483
0,11,-0.588,-1.0,1.3246363321070838
0,11,-0.454,-1.0,1.3272292864952795
0,11,-0.309,-1.0,1.3294508829263385
0,11,-0.156,-1.0,1.3290563790308116
0,11,0.0,-1.0,1.3291157762447006
0,11,0.156,-1.0,1.3305994045899043
0,11,0.309,-1.0,1.3508614302357878
0,11,0.454,-1.0,1.3523452193453411
0,11,0.588,-1.0,1.299310371936893
0,11,0.707,-1.0,1.299770565778912
0,11,0.809,-1.0,1.3179077126322636
0,11,0.891,-1.0,1.318672216377568
0,11,0.951,-1.0,1.3193963026694246
0,11,0.988,-1.0,1.319015869184297
0,11,1.0,-1.0,1.320111981930164
0,11,-1.0,-0.988,1.3211228394649461
0,11,-0.988,-0.988,1.3214108438808028
0,11,-0.951,-0.988,1.3214794476603273
0,11,-0.891,-0.988,1.3224444880185362
0,11,-0.809,-0.988,1.3223424857961243
0,11,-0.707,-0.988,1.3252779577678921
0,11,-0.588,-0.988,1.326048430099965
0,11,-0.454,-0.988,1.329424307920466
0,11,-0.309,-0.988,1.3306008066598138
0,11,-0.156,-0.988,1.3297846015307653
0,11,0.0,-0.988,1.330202519613347
0,11,0.156,-0.988,1.332060785116269
0,11,0.309,-0.988,1.3522078152526524
0,11,0.454,-0.988,1.3535837719702482
0,11,0.588,-0.988,1.2999105148431263
0,11,0.707,-0.988,1.3013133988671566
0,11,0.809,-0.988,1.319395587872608
0,11,0.891,-0.988,1.3207506794530763
0,11,0.951,-0.988,1.3206583143860933
0,11,0.988,-0.988,1.3216961644548804
0,11,1.0,-0.988,1.3220556299238218
0,11,-1.0,-0.951,1.32288793655814
0,11,-0.988,-0.951,1.3229640640506812
0,11,-0.951,-0.951,1.3236319464164907
0,11,-0.891,-0.951,1.3241141300551873
0,11,-0.809,-0.951,1.324659829610264
0,11,-0.707,-0.951,1.3273653081929984
0,11,-0.588,-0.951,1.3282408644101582
0,11,-0.454,-0.951,1.3303648631063052
0,11,-0.309,-0.951,1.3323503294768897
0,11,-0.156,-0.951,1.3318770733769312
0,11,0.0,-0.951,1.3305739097381122
0,11,0.156,-0.951,1.3339260160798088
0,11,0.309,-0.951,1.3532913408934735
0,11,0.454,-0.951,1.3547909814074413
0,11,0.588,-0.951,1.3029222285481474
0,11,0.707,-0.951,1.3029695370905359
0,11,0.809,-0.951,1.3211166688491287
0,11,0.891,-0.951,1.3222362621309236
0,11,0.951,-0.951,1.322569634055859
0,11,0.988,-0.951,1.3229807101578244
0,11,1.0,-0.951,1.3231573187297931
0,11,-1.0,-0.891,1.3242524818067016
0,11,-0.988,-0.891,1.3241807719954983
0,11,-0.951,-0.891,1.3236182758647155
0,11,-0.891,-0.891,1.3255640744166248
0,11,-0.809,-0.891,1.3252485052399485
0,11,-0.707,-0.891,1.3278132605877646
0,11,-0.588,-0.891,1.3295285261706784
0,11,-0.454,-0.891,1.3330732058394243
0,11,-0.309,-0.891,1.3335037581290208
0,11,-0.156,-0.891,1.3327652379729005
0,11,0.0,-0.891,1.333391458786579
0,11,0.156,-0.891,1.334704660076949
0,11,0.309,-0.891,1.3553453464239724
0,11,0.454,-0.891,1.3553049242659698
0,11,0.588,-0.891,1.3032892754316752
0,11,0.707,-0.891,1.3047161573383306
0,11,0.809,-0.891,1.3227985221602814
0,11,0.891,-0.891,1.3236597250973334
0,11,0.951,-0.891,1.3236844128267504
0,11,0.988,-0.891,1.3242853899495015
0,11,1.0,-0.891,1.3248155786673808
0,11,-1.0,-0.809,1.3258230000208213
0,11,-0.988,-0.809,1.3256189078127236
0,11,-0.951,-0.809,1.3260451003694498
0,11,-0.891,-0.809,1.3264497985344175
0,11,-0.809,-0.809,1.3267562678298008
0,11,-0.707,-0.809,1.3293732587302771
0,11,-0.588,-0.809,1.3308012651878487
0,11,-0.454,-0.809,1.334238326367039
0,11,-0.309,-0.809,1.3351759648393562
0,11,-0.156,-0.809,1.3347120915826267
0,11,0.0,-0.809,1.3339431370613013
0,11,0.156,-0.809,1.3360821225881738
0,11,0.309,-0.809,1.35708131922697
0,11,0.454,-0.809,1.3598791373877246
0,11,0.588,-0.809,1.3044095648951546
0,11,0.707,-0.809,1.3053518734386262
0,11,0.809,-0.809,1.3240604789521422
0,11,0.891,-0.809,1.324811579403669
0,11,0.951,-0.809,1.3253665800114733
0,11,0.988,-0.809,1.325943691242866
0,11,1.0,-0.809,1.3251914292606648
0,11,-1.0,-0.707,1.3260563894701602
0,11,-0.988,-0.707,1.3268260647082004
0,11,-0.951,-0.707,1.3279406033014547
0,11,-0.891,-0.707,1.326855463791981
0,11,-0.809,-0.707,1.3283742449722724
0,11,-0.707,-0.707,1.330504716120282
0,11,-0.588,-0.707,1.3325748339547367
0,11,-0.454,-0.707,1.3347012417888429
0,11,-0.309,-0.707,1.3363457037444157
0,11,-0.156,-0.707,1.336284041010732
0,11,0.0,-0.707,1.3358348679941046
0,11,0.156,-0.707,1.3370587615849996
0,11,0.309,-0.707,1.3596389106194038
0,11,0.454,-0.707,1.3594552988691009
0,11,0.588,-0.707,1.3052611081026826
0,11,0.707,-0.707,1.3074316654918101
0,11,0.809,-0.707,1.3247864679235835
0,11,0.891,-0.707,1.3259798352759156
0,11,0.951,-0.707,1.3264489708595095
0,11,0.988,-0.707,1.3275287102754794
0,11,1.0,-0.707,1.3265511717460425
0,11,-1.0,-0.588,1.3280790601480954
0,11,-0.988,-0.588,1.3276174704698527
0,11,-0.951,-0.588,1.3284076596238956
0,11,-0.891,-0.588,1.3288145649377983
0,11,-0.809,-0.588,1.3295645156131284
0,11,-0.707,-0.588,1.3326571716372262
0,11,-0.588,-0.588,1.3322547786365584
0,11,-0.454,-0.588,1.335984058714803
0,11,-0.309,-0.588,1.337410226019914
0,11,-0.156,-0.588,1.336123420528167
0,11,0.0,-0.588,1.3362723270529886
0,11,0.156,-0.588,1.3379343401667776
0,11,0.309,-0.588,1.358294828045321
0,11,0.454,-0.588,1.3598413350103795
0,11,0.588,-0.588,1.3068895085999872
0,11,0.707,-0.588,1.3081993327048709
0,11,0.809,-0.588,1.3261600814554455
0,11,0.891,-0.588,1.3272995845282676
0,11,0.951,-0.588,1.3278562225787958
0,11,0.988,-0.588,1.327817835926024
0,11,1.0,-0.588,1.3279577931631172
0,11,-1.0,-0.454,1.3282338905638198
0,11,-0.988,-0.454,1.3280744623524594
0,11,-0.951,-0.454,1.328421220489701
0,11,-0.891,-0.454,1.329635292090565
0,11,-0.809,-0.454,1.3303129622230614
0,11,-0.707,-0.454,1.3324415409303743
0,11,-0.588,-0.454,1.3339473807662972
0,11,-0.454,-0.454,1.337192423465924
0,11,-0.309,-0.454,1.3390060413900806
0,11,-0.156,-0.454,1.3361065124883489
0,11,0.0,-0.454,1.337132608494304
0,11,0.156,-0.454,1.3384215412470035
0,11,0.309,-0.454,1.3605245996490194
0,11,0.454,-0.454,1.35981079403221
0,11,0.588,-0.454,1.30746474608687
0,11,0.707,-0.454,1.309047533331158
0,11,0.809,-0.454,1.3275957418793627
0,11,0.891,-0.454,1.3273925452154034
0,11,0.951,-0.454,1.329534114147819
0,11,0.988,-0.454,1.3291901527667698
0,11,1.0,-0.454,1.3295066613168691
0,11,-1.0,-0.309,1.3295129559285226
0,11,-0.988,-0.309,1.3292261908386782
0,11,-0.951,-0.309,1.3303133403336853
0,11,-0.891,-0.309,1.3295615766426752
0,11,-0.809,-0.309,1.3312346466999363
0,11,-0.707,-0.309,1.3328127415471618
0,11,-0.588,-0.309,1.3349632198142913
0,11,-0.454,-0.309,1.3359311168343653
0,11,-0.309,-0.309,1.3386732703511626
0,11,-0.156,-0.309,1.3354730398919827
0,11,0.0,-0.309,1.336562653030302
0,11,0.156,-0.309,1.337422579171347
0,11,0.309,-0.309,1.3550499011410095
0,11,0.454,-0.309,1.3564713918006261
0,11,0.588,-0.309,1.3075950331656023
0,11,0.707,-0.309,1.309892526590765
0,11,0.809,-0.309,1.3284054619686825
0,11,0.891,-0.309,1.328401277454691
0,11,0.951,-0.309,1.3290853422247022
0,11,0.988,-0.309,1.3296231431436325
0,11,1.0,-0.309,1.3292538070745004
0,11,-1.0,-0.156,1.330013149479866
0,11,-0.988,-0.156,1.3297367623877587
0,11,-0.951,-0.156,1.3295390686578514
0,11,-0.891,-0.156,1.3304897824646025
0,11,-0.809,-0.156,1.33112783980544
0,11,-0.707,-0.156,1.3334668227935027
0,11,-0.588,-0.156,1.334482163159049
0,11,-0.454,-0.156,1.3334040979054915
0,11,-0.309,-0.156,1.3355122950524543
0,11,-0.156,-0.156,1.333333860689635
0,11,0.0,-0.156,1.3341198901207907
0,11,0.156,-0.156,1.3366347941493997
0,11,0.309,-0.156,1.3499281798019063
0,11,0.454,-0.156,1.3513750671431983
0,11,0.588,-0.156,1.307186371117787
0,11,0.707,-0.156,1.3089634715112488
0,11,0.809,-0.156,1.3279025169662635
0,11,0.891,-0.156,1.3289513940091104
0,11,0.951,-0.156,1.329412097224097
0,11,0.988,-0.156,1.3298757484314945
0,11,1.0,-0.156,1.3298147242538036
0,11,-1.0,0.0,1.3291538163598864
0,11,-0.988,0.0,1.3297383210934126
0,11,-0.951,0.0,1.329360151143002
0,11,-0.891,0.0,1.3304935978726116
0,11,-0.809,0.0,1.3309917475647017
0,11,-0.707,0.0,1.331348937565213
0,11,-0.588,0.0,1.3322468185331908
0,11,-0.454,0.0,1.3309460330957066
0,11,-0.309,0.0,1.3324022734791412
0,11,-0.156,0.0,1.3304615080512059
0,11,0.0,0.0,1.3330158550509636
0,11,0.156,0.0,1.3343217853209253
0,11,0.309,0.0,1.3450506917038094
0,11,0.454,0.0,1.3457857291775175
0,11,0.588,0.0,1.3092052399217133
0,11,0.707,0.0,1.3118969850353832
0,11,0.809,0.0,1.3276916975311772
0,11,0.891,0.0,1.328700568878707
0,11,0.951,0.0,1.3298059693409996
0,11,0.988,0.0,1.3299803041157743
0,11,1.0,0.0,1.329858220273345
0,11,-1.0,0.156,1.3293029954898155
0,11,-0.988,0.156,1.3291847336424822
0,11,-0.951,0.156,1.3297882919073607
0,11,-0.891,0.156,1.3304987896848113
0,11,-0.809,0.156,1.331465108035035
0,11,-0.707,0.156,1.3270078584562406
0,11,-0.588,0.156,1.3276622007337713
0,11,-0.454,0.156,1.3286009178538845
0,11,-0.309,0.156,1.3290947219421434
0,11,-0.156,0.156,1.3269728848072015
0,11,0.0,0.156,1.3290166493517197
0,11,0.156,0.156,1.3304142559029726
0,11,0.309,0.156,1.3396548546467109
0,11,0.454,0.156,1.3405043401743404
0,11,0.588,0.156,1.3126615719001213
0,11,0.707,0.156,1.3137266839790889
0,11,0.809,0.156,1.3286026997901015
0,11,0.891,0.156,1.3297587172517489
0,11,0.951,0.156,1.3295110278747848
0,11,0.988,0.156,1.3300455548332841
0,11,1.0,0.156,1.3298124570622516
0,11,-1.0,0.309,1.3262074366858194
0,11,-0.988,0.309,1.3266788517325485
0,11,-0.951,0.309,1.326445566248632
0,11,-0.891,0.309,1.3273824167641393
0,11,-0.809,0.309,1.3284283567932806
0,11,-0.707,0.309,1.3238672878080164
0,11,-0.588,0.309,1.3252063489231525
0,11,-0.454,0.309,1.3237684858173902
0,11,-0.309,0.309,1.325356930201763
0,11,-0.156,0.309,1.324057088860081
0,11,0.0,0.309,1.3268056853175063
0,11,0.156,0.309,1.3274367082171659
0,11,0.309,0.309,1.3349585286200616
0,11,0.454,0.309,1.3356384100159224
0,11,0.588,0.309,1.3161698049515422
0,11,0.707,0.309,1.3160592406432732
0,11,0.809,0.309,1.3281411720640597
0,11,0.891,0.309,1.3287056692656407
0,11,0.951,0.309,1.3296835471913593
0,11,0.988,0.309,1.3296962427211168
0,11,1.0,0.309,1.3292506592095947
0,11,-1.0,0.454,1.3206913692496198
0,11,-0.988,0.454,1.3215280335199118
0,11,-0.951,0.454,1.3223507945976238
0,11,-0.891,0.454,1.3229673204529908
0,11,-0.809,0.454,1.3227038067019405
0,11,-0.707,0.454,1.3226790115587037
0,11,-0.588,0.454,1.3226958932472324
0,11,-0.454,0.454,1.3187753179653772
0,11,-0.309,0.454,1.3203518889975143
0,11,-0.156,0.454,1.3188069286041624
0,11,0.0,0.454,1.3217612940942265
0,11,0.156,0.454,1.3225167998282845
0,11,0.309,0.454,1.3304990378254944
0,11,0.454,0.454,1.3308811254172381
0,11,0.588,0.454,1.3199041451394473
0,11,0.707,0.454,1.3211048763074336
0,11,0.809,0.454,1.3281457981510099
0,11,0.891,0.454,1.3288651184901201
0,11,0.951,0.454,1.3300148025975838
0,11,0.988,0.454,1.330136403089858
0,11,1.0,0.454,1.330330784378008
0,11,-1.0,0.588,1.3172611230747995
0,11,-0.988,0.588,1.3173937750645144
0,11,-0.951,0.588,1.3178919529403936
0,11,-0.891,0.588,1.3182425355633254
0,11,-0.809,0.588,1.3193869153994724
0,11,-0.707,0.588,1.3190287167711359
0,11,-0.588,0.588,1.3202868769439036
0,11,-0.454,0.588,1.3143055370086025
0,11,-0.309,0.588,1.3159899291730834
0,11,-0.156,0.588,1.3136621446507741
0,11,0.0,0.588,1.3156521060109538
0,11,0.156,0.588,1.3175550774982066
0,11,0.309,0.588,1.327435741105792
0,11,0.454,0.588,1.3285757050277271
0,11,0.588,0.588,1.3234448438984447
0,11,0.707,0.588,1.3251179436692806
0,11,0.809,0.588,1.3293596245176635
0,11,0.891,0.588,1.3303787310732063
0,11,0.951,0.588,1.3305233517362245
0,11,0.988,0.588,1.3305085490294137
0,11,1.0,0.588,1.3314586480720467
0,11,-1.0,0.707,1.315391964495091
0,11,-0.988,0.707,1.3158248441927904
0,11,-0.951,0.707,1.3161490062184584
0,11,-0.891,0.707,1.316677891304742
0,11,-0.809,0.707,1.3174379845078181
0,11,-0.707,0.707,1.3159696702512296
0,11,-0.588,0.707,1.317733073873496
0,11,-0.454,0.707,1.309717012398095
0,11,-0.309,0.707,1.3113566150206883
0,11,-0.156,0.707,1.3077646264033675
0,11,0.0,0.707,1.3108425794806393
0,11,0.156,0.707,1.311710094598196
0,11,0.309,0.707,1.324656789857427
0,11,0.454,0.707,1.3269544797193138
0,11,0.588,0.707,1.3277684145504534
0,11,0.707,0.707,1.3294491189300681
0,11,0.809,0.707,1.3288751597043358
0,11,0.891,0.707,1.3305401141848086
0,11,0.951,0.707,1.3302875938557543
0,11,0.988,0.707,1.3303025989017359
0,11,1.0,0.707,1.3308322004432198
0,11,-1.0,0.809,1.3137658441730997
0,11,-0.988,0.809,1.313909664637854
0,11,-0.951,0.809,1.3139953196859038
0,11,-0.891,0.809,1.3141905827018356
0,11,-0.809,0.809,1.315477452684489
0,11,-0.707,0.809,1.3125135409842215
0,11,-0.588,0.809,1.313636019769304
0,11,-0.454,0.809,1.3048372018661343
0,11,-0.309,0.809,1.3067563440771088
0,11,-0.156,0.809,1.3033524405271013
0,11,0.0,0.809,1.306275548286562
0,11,0.156,0.809,1.3069365285795334
0,11,0.309,0.809,1.323212828474634
0,11,0.454,0.809,1.3248591106132226
0,11,0.588,0.809,1.3311312136502382
0,11,0.707,0.809,1.3327895309684425
0,11,0.809,0.809,1.3287683249841553
0,11,0.891,0.809,1.3289690893811965
0,11,0.951,0.809,1.3298068104030139
0,11,0.988,0.809,1.3307678022228162
0,11,1.0,0.809,1.3302640057111643
0,11,-1.0,0.891,1.312210863312987
0,11,-0.988,0.891,1.312122464539148
0,11,-0.951,0.891,1.312391813877464
0,11,-0.891,0.891,1.3134981530869287
0,11,-0.809,0.891,1.3140546690305361
0,11,-0.707,0.891,1.3093664165509937
0,11,-0.588,0.891,1.3099623447076607
0,11,-0.454,0.891,1.3010621749074602
0,11,-0.309,0.891,1.301879775509195
0,11,-0.156,0.891,1.2988730087807994
0,11,0.0,0.891,1.2997770519068264
0,11,0.156,0.891,1.3018906351783517
0,11,0.309,0.891,1.3210960695644411
0,11,0.454,0.891,1.3225618008087532
0,11,0.588,0.891,1.334272575291927
0,11,0.707,0.891,1.3349480699131706
0,11,0.809,0.891,1.328031260379795
0,11,0.891,0.891,1.3291139704123873
0,11,0.951,0.891,1.3290694126605243
0,11,0.988,0.891,1.3297743497370653
0,11,1.0,0.891,1.3294485340384674
0,11,-1.0,0.951,1.3104893576759131
0,11,-0.988,0.951,1.3109548529817718
0,11,-0.951,0.951,1.3108964194901267
0,11,-0.891,0.951,1.3125778352345836
0,11,-0.809,0.951,1.3131759228978803
0,11,-0.707,0.951,1.3058515140245652
0,11,-0.588,0.951,1.3066878115258895
0,11,-0.454,0.951,1.2969477796248015
0,11,-0.309,0.951,1.298541473613496
0,11,-0.156,0.951,1.294518973084069
0,11,0.0,0.951,1.2943314006804918
0,11,0.156,0.951,1.2968106671940658
0,11,0.309,0.951,1.3198674408732558
0,11,0.454,0.951,1.3212628375747173
0,11,0.588,0.951,1.3361274370048042
0,11,0.707,0.951,1.336806509432144
0,11,0.809,0.951,1.3270202792221861
0,11,0.891,0.951,1.3281507803687362
0,11,0.951,0.951,1.3290286277373102
0,11,0.988,0.951,1.3292832343883392
0,11,1.0,0.951,1.329002732481637
0,11,-1.0,0.988,1.3095221958445527
0,11,-0.988,0.988,1.3088629492598702
0,11,-0.951,0.988,1.3104399599080672
0,11,-0.891,0.988,1.310051008471181
0,11,-0.809,0.988,1.3104650350880234
0,11,-0.707,0.988,1.303209680585795
0,11,-0.588,0.988,1.3043791550359873
0,11,-0.454,0.988,1.294337779135123
0,11,-0.309,0.988,1.2945537156916804
0,11,-0.156,0.988,1.2912528812186659
0,11,0.0,0.988,1.2902314065782499
0,11,0.156,0.988,1.293941072762764
0,11,0.309,0.988,1.3184019006738874
0,11,0.454,0.988,1.3196853438289704
0,11,0.588,0.988,1.3365684004461738
0,11,0.707,0.988,1.3377652920713325
0,11,0.809,0.988,1.3268600059785547
0,11,0.891,0.988,1.327023354730169
0,11,0.951,0.988,1.3274921137076319
0,11,0.988,0.988,1.3280521674457781
0,11,1.0,0.988,1.3279331061589577
0,11,-1.0,1.0,1.3074312292047403
0,11,-0.988,1.0,1.3079158904182222
0,11,-0.951,1.0,1.3080017643442146
0,11,-0.891,1.0,1.3088498142573015
0,11,-0.809,1.0,1.3101210698324137
0,11,-0.707,1.0,1.3013641481979388
0,11,-0.588,1.0,1.3019171682000497
0,11,-0.454,1.0,1.2911578441558573
0,11,-0.309,1.0,1.2934181951804247
0,11,-0.156,1.0,1.2889177339554607
0,11,0.0,1.0,1.2895308829583185
0,11,0.156,1.0,1.290920723872506
0,11,0.309,1.0,1.3172513446730756
0,11,0.454,1.0,1.3175737403143442
0,11,0.588,1.0,1.3348191939804293
0,11,0.707,1.0,1.3367499592930145
0,11,0.809,1.0,1.3242807405867452
0,11,0.891,1.0,1.3262470399970911
0,11,0.951,1.0,1.3266552634153874
0,11,0.988,1.0,1.3263761321994016
0,11,1.0,1.0,1.3266928490420429
1,11,-1.0,-1.0,0.8565908012402016
1,11,-0.923879532511,-1.0,0.8862762762690521
1,11,-0.707106781187,-1.0,0.8943474945109652
1,11,-0.382683432365,-1.0,0.9170606612365999
1,11,0.0,-1.0,0.8437304031376404
1,11,0.382683432365,-1.0,0.7620222469426925
1,11,0.707106781187,-1.0,0.778354495198949
1,11,0.923879532511,-1.0,0.8483693811105509
1,11,1.0,-1.0,0.8720157897485477
1,11,-1.0,-0.923879532511,0.8613106749807364
1,11,-0.923879532511,-0.923879532511,0.8712596760202991
1,11,-0.707106781187,-0.923879532511,0.8878703176235248
1,11,-0.382683432365,-0.923879532511,0.9100693233596568
1,11,0.0,-0.923879532511,0.8470756178316516
1,11,0.382683432365,-0.923879532511,0.7985786155832969
1,11,0.707106781187,-0.923879532511,0.8071802794539381
1,11,0.923879532511,-0.923879532511,0.8434681016085797
1,11,1.0,-0.923879532511,0.8548345964618852
1,11,-1.0,-0.707106781187,0.8675652590713239
1,11,-0.923879532511,-0.707106781187,0.8746337892214763
1,11,-0.707106781187,-0.707106781187,0.8883132774317286
1,11,-0.382683432365,-0.707106781187,0.9347314868927031
1,11,0.0,-0.707106781187,0.8124408512905842
1,11,0.382683432365,-0.707106781187,0.8546534367879768
1,11,0.707106781187,-0.707106781187,0.7740813961378582
1,11,0.923879532511,-0.707106781187,0.8604609978332443
1,11,1.0,-0.707106781187,0.8631594904818187
1,11,-1.0,-0.382683432365,0.8574665335575575
1,11,-0.923879532511,-0.382683432365,0.8881418217124863
1,11,-0.707106781187,-0.382683432365,0.8857845666130214
1,11,-0.382683432365,-0.382683432365,0.9055110083166449
1,11,0.0,-0.382683432365,0.8331936149027952
1,11,0.382683432365,-0.382683432365,0.8298410638791147
1,11,0.707106781187,-0.382683432365,0.8317949748387938
1,11,0.923879532511,-0.382683432365,0.8389658299186583
1,11,1.0,-0.382683432365,0.8459187231466477
1,11,-1.0,0.0,0.8633009035668809
1,11,-0.923879532511,0.0,0.870210475598959
1,11,-0.707106781187,0.0,0.8896037055360998
1,11,-0.382683432365,0.0,0.9014077933915284
1,11,0.0,0.0,0.8555990812349726
1,11,0.382683432365,0.0,0.8372213611148454
1,11,0.707106781187,0.0,0.891913143359531
1,11,0.923879532511,0.0,0.8504068907298864
1,11,1.0,0.0,0.836004046486795
1,11,-1.0,0.382683432365,0.8757768168356449
1,11,-0.923879532511,0.382683432365,0.8720735759117063
1,11,-0.707106781187,0.382683432365,0.8522306113562
1,11,-0.382683432365,0.382683432365,0.838470093691337
1,11,0.0,0.382683432365,0.8817528429688284
1,11,0.382683432365,0.382683432365,0.9130384078330532
1,11,0.707106781187,0.382683432365,0.8804870115655031
1,11,0.923879532511,0.382683432365,0.8714480331864753
1,11,1.0,0.382683432365,0.8702950680682332
1,11,-1.0,0.707106781187,0.8503289340431772
1,11,-0.923879532511,0.707106781187,0.8466157938894043
1,11,-0.707106781187,0.707106781187,0.8871917200602866
1,11,-0.382683432365,0.707106781187,0.8034750052539772
1,11,0.0,0.707106781187,0.8768618213718447
1,11,0.382683432365,0.707106781187,0.9025668082503308
1,11,0.707106781187,0.707106781187,0.9222581042405227
1,11,0.923879532511,0.707106781187,0.8625982613027984
1,11,1.0,0.707106781187,0.84297045817271
1,11,-1.0,0.923879532511,0.8649312680953333
1,11,-0.923879532511,0.923879532511,0.8662613723621904
1,11,-0.707106781187,0.923879532511,0.8367384335724585
1,11,-0.382683432365,0.923879532511,0.787278149061866
1,11,0.0,0.923879532511,0.8826767198541215
1,11,0.382683432365,0.923879532511,0.8976663204061146
1,11,0.707106781187,0.923879532511,0.9266376120629107
1,11,0.923879532511,0.923879532511,0.8870692434316102
1,11,1.0,0.923879532511,0.854902303247567
1,11,-1.0,1.0,0.8701879208914353
1,11,-0.923879532511,1.0,0.8391592429804294
1,11,-0.707106781187,1.0,0.8400068251979609
1,11,-0.382683432365,1.0,0.8045980084239399
1,11,0.0,1.0,0.9013994281433716
1,11,0.382683432365,1.0,0.9119805162123469
1,11,0.707106781187,1.0,0.9221451280647602
1,11,0.923879532511,1.0,0.8839443591164593
1,11,1.0,1.0,0.8981764834949967
2,11,-1.0,-1.0,0.5792566393580055
2,11,-0.923879532511,-1.0,0.5940637960407859
2,11,-0.707106781187,-1.0,0.5526476516187981
2,11,-0.382683432365,-1.0,0.6477073298523035
2,11,0.0,-1.0,0.7005774646794862
2,11,0.382683432365,-1.0,0.4514805058881738
2,11,0.707106781187,-1.0,0.46301078065589224
2,11,0.923879532511,-1.0,0.5316172514026993
2,11,1.0,-1.0,0.5261406859570907
2,11,-1.0,-0.923879532511,0.5986790565976918
2,11,-0.923879532511,-0.923879532511,0.4966452571002619
2,11,-0.707106781187,-0.923879532511,0.5292963392397955
2,11,-0.382683432365,-0.923879532511,0.6050882850463418
2,11,0.0,-0.923879532511,0.692931858286846
2,11,0.382683432365,-0.923879532511,0.4172659846012517
2,11,0.707106781187,-0.923879532511,0.5138686238187511
2,11,0.923879532511,-0.923879532511,0.5986244014705676
2,11,1.0,-0.923879532511,0.5204265473192202
2,11,-1.0,-0.707106781187,0.5670614038039742
2,11,-0.923879532511,-0.707106781187,0.6164755338158443
2,11,-0.707106781187,-0.707106781187,0.5310660280648731
2,11,-0.382683432365,-0.707106781187,0.5352065762141034
2,11,0.0,-0.707106781187,0.6152849946137917
2,11,0.382683432365,-0.707106781187,0.4638481412590526
2,11,0.707106781187,-0.707106781187,0.4955603638166663
2,11,0.923879532511,-0.707106781187,0.5273387479737225
2,11,1.0,-0.707106781187,0.5045539457571313
2,11,-1.0,-0.382683432365,0.5511021266571283
2,11,-0.923879532511,-0.382683432365,0.5159757474147801
2,11,-0.707106781187,-0.382683432365,0.5396908105771215
2,11,-0.382683432365,-0.382683432365,0.661592390326722
2,11,0.0,-0.382683432365,0.5339575788883306
2,11,0.382683432365,-0.382683432365,0.49457244209292633
2,11,0.707106781187,-0.382683432365,0.4860420023264215
2,11,0.923879532511,-0.382683432365,0.5445075337773978
2,11,1.0,-0.382683432365,0.6080378410119676
2,11,-1.0,0.0,0.5715440372277374
2,11,-0.923879532511,0.0,0.5543298228132333
2,11,-0.707106781187,0.0,0.5949409930328641
2,11,-0.382683432365,0.0,0.6050305086657565
2,11,0.0,0.0,0.5813842302132406
2,11,0.382683432365,0.0,0.6001104427775413
2,11,0.707106781187,0.0,0.6533420974587417
2,11,0.923879532511,0.0,0.5471299345737433
2,11,1.0,0.0,0.5303290771908423
2,11,-1.0,0.382683432365,0.5252977576100601
2,11,-0.923879532511,0.382683432365,0.6351606684442832
2,11,-0.707106781187,0.382683432365,0.575200176999935
2,11,-0.382683432365,0.382683432365,0.583491131382127
2,11,0.0,0.382683432365,0.5547762331312601
2,11,0.382683432365,0.382683432365,0.5608902933928773
2,11,0.707106781187,0.382683432365,0.576234821044476
2,11,0.923879532511,0.382683432365,0.5832816624854256
2,11,1.0,0.382683432365,0.5791038349649112
2,11,-1.0,0.707106781187,0.5834464955622505
2,11,-0.923879532511,0.707106781187,0.5358699869307727
2,11,-0.707106781187,0.707106781187,0.6448708460979645
2,11,-0.382683432365,0.707106781187,0.5113500767915301
2,11,0.0,0.707106781187,0.5181147308476358
2,11,0.382683432365,0.707106781187,0.6870596448524426
2,11,0.707106781187,0.707106781187,0.6187957969100282
2,11,0.923879532511,0.707106781187,0.59635509218549
2,11,1.0,0.707106781187,0.6325874800881358
2,11,-1.0,0.923879532511,0.5681436145274984
2,11,-0.923879532511,0.923879532511,0.5855680437087037
2,11,-0.707106781187,0.923879532511,0.46739554895189095
2,11,-0.382683432365,0.923879532511,0.5267587519336123
2,11,0.0,0.923879532511,0.4471065485138188
2,11,0.382683432365,0.923879532511,0.6637887726857765
2,11,0.707106781187,0.923879532511,0.662185152295575
2,11,0.923879532511,0.923879532511,0.6092532554912241
2,11,1.0,0.923879532511,0.5583660355515986
2,11,-1.0,1.0,0.5727767855852078
2,11,-0.923879532511,1.0,0.5663661095208434
2,11,-0.707106781187,1.0,0.5709975476696771
2,11,-0.382683432365,1.0,0.554426763271604
2,11,0.0,1.0,0.5025485749788888
2,11,0.382683432365,1.0,0.7386500876030853
2,11,0.707106781187,1.0,0.6348786237067048
2,11,0.923879532511,1.0,0.571276134440385
2,11,1.0,1.0,0.6918035071861794
3,11,-1.0,-1.0,0.5188883365052902
3,11,-0.923879532511,-1.0,0.5331624210036255
3,11,-0.707106781187,-1.0,0.5824199435648287
3,11,-0.382683432365,-1.0,0.5514417151520915
3,11,0.0,-1.0,0.6114076290619525
3,11,0.382683432365,-1.0,0.4445461393340257
3,11,0.707106781187,-1.0,0.4267399701338415
3,11,0.923879532511,-1.0,0.5071003024011732
3,11,1.0,-1.0,0.5541660476406265
3,11,-1.0,-0.923879532511,0.5176193808322552
3,11,-0.923879532511,-0.923879532511,0.5165033839425175
3,11,-0.707106781187,-0.923879532511,0.5445094452239682
3,11,-0.382683432365,-0.923879532511,0.5515051354860734
3,11,0.0,-0.923879532511,0.6020383907416708
3,11,0.382683432365,-0.923879532511,0.45991315493134133
3,11,0.707106781187,-0.923879532511,0.4202126527138519
3,11,0.923879532511,-0.923879532511,0.5462390340682044
3,11,1.0,-0.923879532511,0.5339132992149536
3,11,-1.0,-0.707106781187,0.5438971151036903
3,11,-0.923879532511,-0.707106781187,0.5505007858236433
3,11,-0.707106781187,-0.707106781187,0.5205874510827965
3,11,-0.382683432365,-0.707106781187,0.5739127168669408
3,11,0.0,-0.707106781187,0.5676724693204934
3,11,0.382683432365,-0.707106781187,0.4811330259032927
3,11,0.707106781187,-0.707106781187,0.41940053285823764
3,11,0.923879532511,-0.707106781187,0.5183446759636539
3,11,1.0,-0.707106781187,0.49943225228480587
3,11,-1.0,-0.382683432365,0.5570948509926926
3,11,-0.923879532511,-0.382683432365,0.49896774384689235
3,11,-0.707106781187,-0.382683432365,0.5587081232795332
3,11,-0.382683432365,-0.382683432365,0.5411913328802048
3,11,0.0,-0.382683432365,0.5277647729076583
3,11,0.382683432365,-0.382683432365,0.48587158380266693
3,11,0.707106781187,-0.382683432365,0.43728320867298187
3,11,0.923879532511,-0.382683432365,0.515888953474629
3,11,1.0,-0.382683432365,0.48707940626647966
3,11,-1.0,0.0,0.5288112800506761
3,11,-0.923879532511,0.0,0.46831399003213314
3,11,-0.707106781187,0.0,0.5028381710329325
3,11,-0.382683432365,0.0,0.5002130472413175
3,11,0.0,0.0,0.5046943047274727
3,11,0.382683432365,0.0,0.49897134911812957
3,11,0.707106781187,0.0,0.5617294753539864
3,11,0.923879532511,0.0,0.4886669989360071
3,11,1.0,0.0,0.4800065967451601
3,11,-1.0,0.382683432365,0.5469782608037761
3,11,-0.923879532511,0.382683432365,0.4840395652120422
3,11,-0.707106781187,0.382683432365,0.5344355221474959
3,11,-0.382683432365,0.382683432365,0.46414423234536095
3,11,0.0,0.382683432365,0.5175346939373491
3,11,0.382683432365,0.382683432365,0.5917309672859273
3,11,0.707106781187,0.382683432365,0.5580243627397251
3,11,0.923879532511,0.382683432365,0.5495078094238761
3,11,1.0,0.382683432365,0.5318441576105903
3,11,-1.0,0.707106781187,0.4901466860545186
3,11,-0.923879532511,0.707106781187,0.4787277148623334
3,11,-0.707106781187,0.707106781187,0.49806506603828427
3,11,-0.382683432365,0.707106781187,0.504268124398266
3,11,0.0,0.707106781187,0.5233024144067051
3,11,0.382683432365,0.707106781187,0.5727266905212717
3,11,0.707106781187,0.707106781187,0.6091771920764718
3,11,0.923879532511,0.707106781187,0.4974293083558352
3,11,1.0,0.707106781187,0.5781947400124597
3,11,-1.0,0.923879532511,0.46371636243397696
3,11,-0.923879532511,0.923879532511,0.5018502523635308
3,11,-0.707106781187,0.923879532511,0.4787588357148269
3,11,-0.382683432365,0.923879532511,0.541497065127277
3,11,0.0,0.923879532511,0.45339192151039176
3,11,0.382683432365,0.923879532511,0.5811367771843264
3,11,0.707106781187,0.923879532511,0.590804268899491
3,11,0.923879532511,0.923879532511,0.5286866540091401
3,11,1.0,0.923879532511,0.5926259786516471
3,11,-1.0,1.0,0.5122911896840441
3,11,-0.923879532511,1.0,0.4635443904093231
3,11,-0.707106781187,1.0,0.46927890584045223
3,11,-0.382683432365,1.0,0.47827574684349805
3,11,0.0,1.0,0.4650274878117784
3,11,0.382683432365,1.0,0.5820212207258212
3,11,0.707106781187,1.0,0.6455262091366849
3,11,0.923879532511,1.0,0.5475636964863075
3,11,1.0,1.0,0.5355046871868704
4,11,-1.0,-1.0,0.7226955788354258
4,11,-0.923879532511,-1.0,0.7374606795003408
4,11,-0.707106781187,-1.0,0.7159704223057972
4,11,-0.382683432365,-1.0,0.7308634695338045
4,11,0.0,-1.0,0.6038040771163601
4,11,0.382683432365,-1.0,0.7532142327981145
4,11,0.707106781187,-1.0,0.6777443016024577
4,11,0.923879532511,-1.0,0.7078708026485692
4,11,1.0,-1.0,0.6876679918496736
4,11,-1.0,-0.923879532511,0.7314629123485947
4,11,-0.923879532511,-0.923879532511,0.7200943086751872
4,11,-0.707106781187,-0.923879532511,0.7104495329665613
4,11,-0.382683432365,-0.923879532511,0.7871301438489452
4,11,0.0,-0.923879532511,0.6347337692385135
4,11,0.382683432365,-0.923879532511,0.732290151099736
4,11,0.707106781187,-0.923879532511,0.729775423003849
4,11,0.923879532511,-0.923879532511,0.6562347564814707
4,11,1.0,-0.923879532511,0.6625465428347804
4,11,-1.0,-0.707106781187,0.7053087079246276
4,11,-0.923879532511,-0.707106781187,0.7140164991810254
4,11,-0.707106781187,-0.707106781187,0.7366139702253175
4,11,-0.382683432365,-0.707106781187,0.7569123720610623
4,11,0.0,-0.707106781187,0.6547976083454643
4,11,0.382683432365,-0.707106781187,0.7846215515518549
4,11,0.707106781187,-0.707106781187,0.6822981856730383
4,11,0.923879532511,-0.707106781187,0.6965087150115137
4,11,1.0,-0.707106781187,0.6946121434993348
4,11,-1.0,-0.382683432365,0.6760435033360898
4,11,-0.923879532511,-0.382683432365,0.697404470386506
4,11,-0.707106781187,-0.382683432365,0.7198682320477476
4,11,-0.382683432365,-0.382683432365,0.7407339111061425
4,11,0.0,-0.382683432365,0.6997380634448912
4,11,0.382683432365,-0.382683432365,0.7460572467495736
4,11,0.707106781187,-0.382683432365,0.6893340956277525
4,11,0.923879532511,-0.382683432365,0.6849208907345481
4,11,1.0,-0.382683432365,0.7003186140122899
4,11,-1.0,0.0,0.6934504986522282
4,11,-0.923879532511,0.0,0.7344036291181136
4,11,-0.707106781187,0.0,0.711862368881082
4,11,-0.382683432365,0.0,0.7150624016462364
4,11,0.0,0.0,0.7289570225460661
4,11,0.382683432365,0.0,0.6611936258069262
4,11,0.707106781187,0.0,0.69265893173395
4,11,0.923879532511,0.0,0.7166453142851004
4,11,1.0,0.0,0.7079931997371912
4,11,-1.0,0.382683432365,0.7064203422539687
4,11,-0.923879532511,0.382683432365,0.6940730602919186
4,11,-0.707106781187,0.382683432365,0.6967763186696462
4,11,-0.382683432365,0.382683432365,0.7176387882687574
4,11,0.0,0.382683432365,0.802655391647033
4,11,0.382683432365,0.382683432365,0.7180495282437515
4,11,0.707106781187,0.382683432365,0.7379239313230883
4,11,0.923879532511,0.382683432365,0.7319447302262095
4,11,1.0,0.382683432365,0.7270846930475955
4,11,-1.0,0.707106781187,0.7069325637682187
4,11,-0.923879532511,0.707106781187,0.7116883602430558
4,11,-0.707106781187,0.707106781187,0.7067897043807903
4,11,-0.382683432365,0.707106781187,0.6991077652502671
4,11,0.0,0.707106781187,0.7717268218968742
4,11,0.382683432365,0.707106781187,0.7160564745208309
4,11,0.707106781187,0.707106781187,0.7547041591262276
4,11,0.923879532511,0.707106781187,0.7292314633767141
4,11,1.0,0.707106781187,0.7578993878468872
4,11,-1.0,0.923879532511,0.6902025705411107
4,11,-0.923879532511,0.923879532511,0.715984239439122
4,11,-0.707106781187,0.923879532511,0.7149580327255904
4,11,-0.382683432365,0.923879532511,0.6746039774953744
4,11,0.0,0.923879532511,0.8035427893319305
4,11,0.382683432365,0.923879532511,0.6923593794224858
4,11,0.707106781187,0.923879532511,0.7437139179079021
4,11,0.923879532511,0.923879532511,0.7286019242166379
4,11,1.0,0.923879532511,0.7529844775920587
4,11,-1.0,1.0,0.7184707144552411
4,11,-0.923879532511,1.0,0.7170425295224976
4,11,-0.707106781187,1.0,0.7042521386503584
4,11,-0.382683432365,1.0,0.698180704911501
4,11,0.0,1.0,0.7853790890978145
4,11,0.382683432365,1.0,0.7097616040773709
4,11,0.707106781187,1.0,0.757851763981519
4,11,0.923879532511,1.0,0.751494277836898
4,11,1.0,1.0,0.773991810250968
5,11,-1.0,-1.0,0.8430445664873352
5,11,-0.923879532511,-1.0,0.8639662169488888
5,11,-0.707106781187,-1.0,0.8582204002191283
5,11,-0.382683432365,-1.0,0.8861017040094247
5,11,0.0,-1.0,0.8418708383209093
5,11,0.382683432365,-1.0,0.7935635902072482
5,11,0.707106781187,-1.0,0.8155864589016284
5,11,0.923879532511,-1.0,0.8307219439499177
5,11,1.0,-1.0,0.8554689251925612
5,11,-1.0,-0.923879532511,0.8675432266448879
5,11,-0.923879532511,-0.923879532511,0.8685356283660173
5,11,-0.707106781187,-0.923879532511,0.8667233383349334
5,11,-0.382683432365,-0.923879532511,0.9013166608105412
5,11,0.0,-0.923879532511,0.8329955521236948
5,11,0.382683432365,-0.923879532511,0.7843547367043177
5,11,0.707106781187,-0.923879532511,0.8159274871083876
5,11,0.923879532511,-0.923879532511,0.8488715298081055
5,11,1.0,-0.923879532511,0.8426486841535318
5,11,-1.0,-0.707106781187,0.8584542265044647
5,11,-0.923879532511,-0.707106781187,0.87348581741995
5,11,-0.707106781187,-0.707106781187,0.9009995145788898
5,11,-0.382683432365,-0.707106781187,0.8973559591152593
5,11,0.0,-0.707106781187,0.8352534478382247
5,11,0.382683432365,-0.707106781187,0.7837065201196353
5,11,0.707106781187,-0.707106781187,0.8562916438784097
5,11,0.923879532511,-0.707106781187,0.8202391206566526
5,11,1.0,-0.707106781187,0.845288544119562
5,11,-1.0,-0.382683432365,0.8675379461954997
5,11,-0.923879532511,-0.382683432365,0.8448635361593468
5,11,-0.707106781187,-0.382683432365,0.8799689123789743
5,11,-0.382683432365,-0.382683432365,0.8742401555983794
5,11,0.0,-0.382683432365,0.8309982547711201
5,11,0.382683432365,-0.382683432365,0.818042558443516
5,11,0.707106781187,-0.382683432365,0.8786105862900405
5,11,0.923879532511,-0.382683432365,0.8603617384482132
5,11,1.0,-0.382683432365,0.8391054646227655
5,11,-1.0,0.0,0.8382904442164295
5,11,-0.923879532511,0.0,0.8556471274595572
5,11,-0.707106781187,0.0,0.839435759425864
5,11,-0.382683432365,0.0,0.8247120704472097
5,11,0.0,0.0,0.8409463420326446
5,11,0.382683432365,0.0,0.8814031451297452
5,11,0.707106781187,0.0,0.842695576187014
5,11,0.923879532511,0.0,0.860518016334122
5,11,1.0,0.0,0.8503530306043722
5,11,-1.0,0.382683432365,0.8688024486779865
5,11,-0.923879532511,0.382683432365,0.8503748822547557
5,11,-0.707106781187,0.382683432365,0.8436177874853579
5,11,-0.382683432365,0.382683432365,0.8375658798901436
5,11,0.0,0.382683432365,0.8453642066922212
5,11,0.382683432365,0.382683432365,0.8775492614873747
5,11,0.707106781187,0.382683432365,0.8624869592843868
5,11,0.923879532511,0.382683432365,0.8467310512623781
5,11,1.0,0.382683432365,0.8522179992735426
5,11,-1.0,0.707106781187,0.8680205477828793
5,11,-0.923879532511,0.707106781187,0.8571874839326128
5,11,-0.707106781187,0.707106781187,0.8470549425127311
5,11,-0.382683432365,0.707106781187,0.8390081715271862
5,11,0.0,0.707106781187,0.8730899345424403
5,11,0.382683432365,0.707106781187,0.9174684561562565
5,11,0.707106781187,0.707106781187,0.8672455008658414
5,11,0.923879532511,0.707106781187,0.865982338927425
5,11,1.0,0.707106781187,0.8885222450441651
5,11,-1.0,0.923879532511,0.8637380205586659
5,11,-0.923879532511,0.923879532511,0.835371728734322
5,11,-0.707106781187,0.923879532511,0.8359743042610114
5,11,-0.382683432365,0.923879532511,0.8318537108282932
5,11,0.0,0.923879532511,0.8721263887791345
5,11,0.382683432365,0.923879532511,0.9396050367332316
5,11,0.707106781187,0.923879532511,0.9094970415752465
5,11,0.923879532511,0.923879532511,0.8633543243515508
5,11,1.0,0.923879532511,0.8603541828566033
5,11,-1.0,1.0,0.8411488503558899
5,11,-0.923879532511,1.0,0.8459877485623553
5,11,-0.707106781187,1.0,0.830314487032919
5,11,-0.382683432365,1.0,0.8176933680519483
5,11,0.0,1.0,0.8858043063210963
5,11,0.382683432365,1.0,0.9482978163671716
5,11,0.707106781187,1.0,0.8809821619838172
5,11,0.923879532511,1.0,0.870829911484837
5,11,1.0,1.0,0.9042352821904569
6,11,-1.0,-1.0,0.5081405859366636
6,11,-0.923879532511,-1.0,0.4660967353680075
6,11,-0.707106781187,-1.0,0.5044942762475082
6,11,-0.382683432365,-1.0,0.572836737660774
6,11,0.0,-1.0,0.5603425356795967
6,11,0.382683432365,-1.0,0.4135289167911294
6,11,0.707106781187,-1.0,0.4536016767869159
6,11,0.923879532511,-1.0,0.49490304922251627
6,11,1.0,-1.0,0.4335992088156685
6,11,-1.0,-0.923879532511,0.47610618665056315
6,11,-0.923879532511,-0.923879532511,0.5370013516254835
6,11,-0.707106781187,-0.923879532511,0.48246274932195704
6,11,-0.382683432365,-0.923879532511,0.5143445926691663
6,11,0.0,-0.923879532511,0.6230485456513498
6,11,0.382683432365,-0.923879532511,0.38819929405260645
6,11,0.707106781187,-0.923879532511,0.4688972527440933
6,11,0.923879532511,-0.923879532511,0.47702565812530634
6,11,1.0,-0.923879532511,0.44870006890372527
6,11,-1.0,-0.707106781187,0.5339263286519802
6,11,-0.923879532511,-0.707106781187,0.4990850994802314
6,11,-0.707106781187,-0.707106781187,0.5256116260181508
6,11,-0.382683432365,-0.707106781187,0.5013873965753481
6,11,0.0,-0.707106781187,0.5817124776960719
6,11,0.382683432365,-0.707106781187,0.4162117116747831
6,11,0.707106781187,-0.707106781187,0.4966296553009839
6,11,0.923879532511,-0.707106781187,0.48955144324169775
6,11,1.0,-0.707106781187,0.4601611366943608
6,11,-1.0,-0.382683432365,0.4431839109900074
6,11,-0.923879532511,-0.382683432365,0.5258594534841251
6,11,-0.707106781187,-0.382683432365,0.4939695545718341
6,11,-0.382683432365,-0.382683432365,0.4894054855405175
6,11,0.0,-0.382683432365,0.4674749942235341
6,11,0.382683432365,-0.382683432365,0.4434850710371708
6,11,0.707106781187,-0.382683432365,0.4432862985119829
6,11,0.923879532511,-0.382683432365,0.5146280414366011
6,11,1.0,-0.382683432365,0.45623314171760654
6,11,-1.0,0.0,0.45838322743445475
6,11,-0.923879532511,0.0,0.5158782305658614
6,11,-0.707106781187,0.0,0.5275407670028144
6,11,-0.382683432365,0.0,0.49875911936060524
6,11,0.0,0.0,0.4879382187777159
6,11,0.382683432365,0.0,0.5299487182838342
6,11,0.707106781187,0.0,0.5002983337585105
6,11,0.923879532511,0.0,0.46208904021227026
6,11,1.0,0.0,0.509591995985974
6,11,-1.0,0.382683432365,0.5109890453784921
6,11,-0.923879532511,0.382683432365,0.5510391757464768
6,11,-0.707106781187,0.382683432365,0.4622866287458786
6,11,-0.382683432365,0.382683432365,0.4742861687144917
6,11,0.0,0.382683432365,0.4774641554316025
6,11,0.382683432365,0.382683432365,0.5164228626981806
6,11,0.707106781187,0.382683432365,0.4989729651805901
6,11,0.923879532511,0.382683432365,0.5245289673003907
6,11,1.0,0.382683432365,0.5443729723997531
6,11,-1.0,0.707106781187,0.4744165309987865
6,11,-0.923879532511,0.707106781187,0.5501696393413833
6,11,-0.707106781187,0.707106781187,0.47432222931618595
6,11,-0.382683432365,0.707106781187,0.5203918181217898
6,11,0.0,0.707106781187,0.4805762158860418
6,11,0.382683432365,0.707106781187,0.5940513380900646
6,11,0.707106781187,0.707106781187,0.5159499360752157
6,11,0.923879532511,0.707106781187,0.5265818888795014
6,11,1.0,0.707106781187,0.5333472178950364
6,11,-1.0,0.923879532511,0.5110090434519317
6,11,-0.923879532511,0.923879532511,0.4770945999096122
6,11,-0.707106781187,0.923879532511,0.5260447908195082
6,11,-0.382683432365,0.923879532511,0.4604216024598
6,11,0.0,0.923879532511,0.4401782142110961
6,11,0.382683432365,0.923879532511,0.5980444136962256
6,11,0.707106781187,0.923879532511,0.5648714119927566
6,11,0.923879532511,0.923879532511,0.5077680299505772
6,11,1.0,0.923879532511,0.5559698985353727
6,11,-1.0,1.0,0.484946911542333
6,11,-0.923879532511,1.0,0.4741494165056732
6,11,-0.707106781187,1.0,0.4643668165853535
6,11,-0.382683432365,1.0,0.4980209777794098
6,11,0.0,1.0,0.39791785914365085
6,11,0.382683432365,1.0,0.593306662788626
6,11,0.707106781187,1.0,0.5596331711977208
6,11,0.923879532511,1.0,0.5276505854848795
6,11,1.0,1.0,0.5507597794468737
7,11,-1.0,-1.0,0.7857198784790073
7,11,-0.923879532511,-1.0,0.7767041591118853
7,11,-0.707106781187,-1.0,0.8014420808248635
7,11,-0.382683432365,-1.0,0.8360080741778304
7,11,0.0,-1.0,0.7558078080000827
7,11,0.382683432365,-1.0,0.7479271173751029
7,11,0.707106781187,-1.0,0.7259061090903896
7,11,0.923879532511,-1.0,0.7824383268180582
7,11,1.0,-1.0,0.7458880350895669
7,11,-1.0,-0.923879532511,0.7803180280766648
7,11,-0.923879532511,-0.923879532511,0.7850383507696529
7,11,-0.707106781187,-0.923879532511,0.8001793881385681
7,11,-0.382683432365,-0.923879532511,0.8291247149526384
7,11,0.0,-0.923879532511,0.7427034610776947
7,11,0.382683432365,-0.923879532511,0.7170477887753696
7,11,0.707106781187,-0.923879532511,0.7504681490086159
7,11,0.923879532511,-0.923879532511,0.7553963158387547
7,11,1.0,-0.923879532511,0.7776816789223494
7,11,-1.0,-0.707106781187,0.7861764112677193
7,11,-0.923879532511,-0.707106781187,0.7993513369595888
7,11,-0.707106781187,-0.707106781187,0.7969573185052341
7,11,-0.382683432365,-0.707106781187,0.8162516159662697
7,11,0.0,-0.707106781187,0.7388044803411841
7,11,0.382683432365,-0.707106781187,0.7417248074715092
7,11,0.707106781187,-0.707106781187,0.7408108021799168
7,11,0.923879532511,-0.707106781187,0.7739661202302388
7,11,1.0,-0.707106781187,0.7895667708680585
7,11,-1.0,-0.382683432365,0.7908266296383019
7,11,-0.923879532511,-0.382683432365,0.7767179234900722
7,11,-0.707106781187,-0.382683432365,0.7933290058177102
7,11,-0.382683432365,-0.382683432365,0.7961406029109375
7,11,0.0,-0.382683432365,0.7736247433046745
7,11,0.382683432365,-0.382683432365,0.7382972869874384
7,11,0.707106781187,-0.382683432365,0.7543399271188466
7,11,0.923879532511,-0.382683432365,0.7488226001209739
7,11,1.0,-0.382683432365,0.7353075683556257
7,11,-1.0,0.0,0.8086087921944768
7,11,-0.923879532511,0.0,0.7930517953816139
7,11,-0.707106781187,0.0,0.766465381877581
7,11,-0.382683432365,0.0,0.7735853625285845
7,11,0.0,0.0,0.7772212296142554
7,11,0.382683432365,0.0,0.8003636019922713
7,11,0.707106781187,0.0,0.7963841327027477
7,11,0.923879532511,0.0,0.780068885082189
7,11,1.0,0.0,0.7737052033454611
7,11,-1.0,0.382683432365,0.7991812757655633
7,11,-0.923879532511,0.382683432365,0.7693678930172151
7,11,-0.707106781187,0.382683432365,0.7848023755637757
7,11,-0.382683432365,0.382683432365,0.8093066986440661
7,11,0.0,0.382683432365,0.7999784750425859
7,11,0.382683432365,0.382683432365,0.8105993611816094
7,11,0.707106781187,0.382683432365,0.7885780950334791
7,11,0.923879532511,0.382683432365,0.7929504876853811
7,11,1.0,0.382683432365,0.7858368101757176
7,11,-1.0,0.707106781187,0.773347104146307
7,11,-0.923879532511,0.707106781187,0.7797133646408844
7,11,-0.707106781187,0.707106781187,0.7785395391823947
7,11,-0.382683432365,0.707106781187,0.7342428917380616
7,11,0.0,0.707106781187,0.8244899084593531
7,11,0.382683432365,0.707106781187,0.810616583426282
7,11,0.707106781187,0.707106781187,0.8307540690845754
7,11,0.923879532511,0.707106781187,0.8094021824179017
7,11,1.0,0.707106781187,0.8006513510229794
7,11,-1.0,0.923879532511,0.7776118752965163
7,11,-0.923879532511,0.923879532511,0.7363300032905781
7,11,-0.707106781187,0.923879532511,0.7742362917209921
7,11,-0.382683432365,0.923879532511,0.7489566205375727
7,11,0.0,0.923879532511,0.8262175855619056
7,11,0.382683432365,0.923879532511,0.8239475870333658
7,11,0.707106781187,0.923879532511,0.8351933762215045
7,11,0.923879532511,0.923879532511,0.8237015818376392
7,11,1.0,0.923879532511,0.7788003344368947
7,11,-1.0,1.0,0.7689803159488071
7,11,-0.923879532511,1.0,0.7411355858512679
7,11,-0.707106781187,1.0,0.7585154855531843
7,11,-0.382683432365,1.0,0.7288332743102857
7,11,0.0,1.0,0.8220393640803817
7,11,0.382683432365,1.0,0.8308678271304748
7,11,0.707106781187,1.0,0.8280351087620488
7,11,0.923879532511,1.0,0.7968050340080315
7,11,1.0,1.0,0.8162146468937379
8,11,-1.0,-1.0,0.6545946284344637
8,11,-0.923879532511,-1.0,0.6381404125414425
8,11,-0.707106781187,-1.0,0.6224492191929731
8,11,-0.382683432365,-1.0,0.6751687679182459
8,11,0.0,-1.0,0.6666759663105221
8,11,0.382683432365,-1.0,0.5915863753003077
8,11,0.707106781187,-1.0,0.5937089222110927
8,11,0.923879532511,-1.0,0.6008322729205665
8,11,1.0,-1.0,0.6263421098395163
8,11,-1.0,-0.923879532511,0.6562641298227614
8,11,-0.923879532511,-0.923879532511,0.6261588694206307
8,11,-0.707106781187,-0.923879532511,0.665707332087252
8,11,-0.382683432365,-0.923879532511,0.6535712761869665
8,11,0.0,-0.923879532511,0.6809352018083014
8,11,0.382683432365,-0.923879532511,0.6083589002391762
8,11,0.707106781187,-0.923879532511,0.5789801003734545
8,11,0.923879532511,-0.923879532511,0.6336866715094823
8,11,1.0,-0.923879532511,0.6238438663863106
8,11,-1.0,-0.707106781187,0.6295963361257207
8,11,-0.923879532511,-0.707106781187,0.6662061385805498
8,11,-0.707106781187,-0.707106781187,0.659818873872843
8,11,-0.382683432365,-0.707106781187,0.6571109109943696
8,11,0.0,-0.707106781187,0.6975930751465814
8,11,0.382683432365,-0.707106781187,0.6193588302682542
8,11,0.707106781187,-0.707106781187,0.5778986814430668
8,11,0.923879532511,-0.707106781187,0.623576726836692
8,11,1.0,-0.707106781187,0.630421717572666
8,11,-1.0,-0.382683432365,0.6188295612059589
8,11,-0.923879532511,-0.382683432365,0.6262293833086714
8,11,-0.707106781187,-0.382683432365,0.6624571407342423
8,11,-0.382683432365,-0.382683432365,0.7178050491008255
8,11,0.0,-0.382683432365,0.6289644480753374
8,11,0.382683432365,-0.382683432365,0.5621633253038707
8,11,0.707106781187,-0.382683432365,0.6019772493633248
8,11,0.923879532511,-0.382683432365,0.6209682360326388
8,11,1.0,-0.382683432365,0.6493725772156906
8,11,-1.0,0.0,0.6319645376137916
8,11,-0.923879532511,0.0,0.6332705805636247
8,11,-0.707106781187,0.0,0.64909715772674
8,11,-0.382683432365,0.0,0.6466281379413908
8,11,0.0,0.0,0.6067172068453057
8,11,0.382683432365,0.0,0.6623976849969329
8,11,0.707106781187,0.0,0.6387061210039723
8,11,0.923879532511,0.0,0.6380410088451889
8,11,1.0,0.0,0.6114436986476876
8,11,-1.0,0.382683432365,0.6494745590173526
8,11,-0.923879532511,0.382683432365,0.6362392680537957
8,11,-0.707106781187,0.382683432365,0.6200315694048891
8,11,-0.382683432365,0.382683432365,0.6564999720325367
8,11,0.0,0.382683432365,0.614341349177678
8,11,0.382683432365,0.382683432365,0.6725439075789759
8,11,0.707106781187,0.382683432365,0.6743133969142237
8,11,0.923879532511,0.382683432365,0.6052659293748679
8,11,1.0,0.382683432365,0.6542450934038936
8,11,-1.0,0.707106781187,0.6310402172452105
8,11,-0.923879532511,0.707106781187,0.6150138511032054
8,11,-0.707106781187,0.707106781187,0.5899737493308074
8,11,-0.382683432365,0.707106781187,0.6164418759459198
8,11,0.0,0.707106781187,0.6209718348386918
8,11,0.382683432365,0.707106781187,0.6832759978580575
8,11,0.707106781187,0.707106781187,0.6801399297964081
8,11,0.923879532511,0.707106781187,0.6499751610906895
8,11,1.0,0.707106781187,0.6572150268914462
8,11,-1.0,0.923879532511,0.6528692671969638
8,11,-0.923879532511,0.923879532511,0.6227863060699501
8,11,-0.707106781187,0.923879532511,0.6209890574852694
8,11,-0.382683432365,0.923879532511,0.6488884582712662
8,11,0.0,0.923879532511,0.6122632134814349
8,11,0.382683432365,0.923879532511,0.6760439146986604
8,11,0.707106781187,0.923879532511,0.6872251909994657
8,11,0.923879532511,0.923879532511,0.6431916239836594
8,11,1.0,0.923879532511,0.64910660342373
8,11,-1.0,1.0,0.5964337134757387
8,11,-0.923879532511,1.0,0.631943084458748
8,11,-0.707106781187,1.0,0.6298242566173344
8,11,-0.382683432365,1.0,0.5839380935888885
8,11,0.0,1.0,0.6249535829660136
8,11,0.382683432365,1.0,0.670813234174583
8,11,0.707106781187,1.0,0.6796078467517603
8,11,0.923879532511,1.0,0.6753330221083996
8,11,1.0,1.0,0.6275492577314591
9,11,-1.0,-1.0,0.9159924186732057
9,11,-0.923879532511,-1.0,0.9130982483832504
9,11,-0.707106781187,-1.0,0.9324332465815914
9,11,-0.382683432365,-1.0,0.9305441797893198
9,11,0.0,-1.0,0.8754705459226051
9,11,0.382683432365,-1.0,0.8321491115733264
9,11,0.707106781187,-1.0,0.8780571411537246
9,11,0.923879532511,-1.0,0.8784784944385354
9,11,1.0,-1.0,0.9040086006688718
9,11,-1.0,-0.923879532511,0.9112242255526158
9,11,-0.923879532511,-0.923879532511,0.9394271605179374
9,11,-0.707106781187,-0.923879532511,0.930352279701722
9,11,-0.382683432365,-0.923879532511,0.9570076893488323
9,11,0.0,-0.923879532511,0.8947006411927145
9,11,0.382683432365,-0.923879532511,0.8055174919217639
9,11,0.707106781187,-0.923879532511,0.8915254726805436
9,11,0.923879532511,-0.923879532511,0.9010001546189165
9,11,1.0,-0.923879532511,0.9173836932566217
9,11,-1.0,-0.707106781187,0.9222854704004076
9,11,-0.923879532511,-0.707106781187,0.9093338936450733
9,11,-0.707106781187,-0.707106781187,0.922393216825721
9,11,-0.382683432365,-0.707106781187,0.948886165002011
9,11,0.0,-0.707106781187,0.9235565943871223
9,11,0.382683432365,-0.707106781187,0.8339937228906973
9,11,0.707106781187,-0.707106781187,0.885477855026208
9,11,0.923879532511,-0.707106781187,0.9075057070504594
9,11,1.0,-0.707106781187,0.9011239324815837
9,11,-1.0,-0.382683432365,0.9236350862385401
9,11,-0.923879532511,-0.382683432365,0.9186488834930657
9,11,-0.707106781187,-0.382683432365,0.9188790183349862
9,11,-0.382683432365,-0.382683432365,0.9463275269723015
9,11,0.0,-0.382683432365,0.8951883875808538
9,11,0.382683432365,-0.382683432365,0.8558486049960564
9,11,0.707106781187,-0.382683432365,0.869735342388666
9,11,0.923879532511,-0.382683432365,0.9028221646345769
9,11,1.0,-0.382683432365,0.8964511026883711
9,11,-1.0,0.0,0.9129198897442617
9,11,-0.923879532511,0.0,0.9163039056322638
9,11,-0.707106781187,0.0,0.9325723840986402
9,11,-0.382683432365,0.0,0.9061923298259242
9,11,0.0,0.0,0.9064133129270315
9,11,0.382683432365,0.0,0.9378045501664544
9,11,0.707106781187,0.0,0.8946825059151372
9,11,0.923879532511,0.0,0.8921230301348195
9,11,1.0,0.0,0.9097239154947003
9,11,-1.0,0.382683432365,0.9142980343854452
9,11,-0.923879532511,0.382683432365,0.8991126170762413
9,11,-0.707106781187,0.382683432365,0.9024776186325597
9,11,-0.382683432365,0.382683432365,0.8914983050098871
9,11,0.0,0.382683432365,0.9011052797338069
9,11,0.382683432365,0.382683432365,0.9452132698752369
9,11,0.707106781187,0.382683432365,0.9197125397159326
9,11,0.923879532511,0.382683432365,0.9075411963578395
9,11,1.0,0.382683432365,0.912258809097002
9,11,-1.0,0.707106781187,0.890124688955998
9,11,-0.923879532511,0.707106781187,0.9061841461498272
9,11,-0.707106781187,0.707106781187,0.889429937441303
9,11,-0.382683432365,0.707106781187,0.9051239087759632
9,11,0.0,0.707106781187,0.9267837226274627
9,11,0.382683432365,0.707106781187,0.9793193983255272
9,11,0.707106781187,0.707106781187,0.9420957242695485
9,11,0.923879532511,0.707106781187,0.9165859863538318
9,11,1.0,0.707106781187,0.9070598382634611
9,11,-1.0,0.923879532511,0.9128643414838369
9,11,-0.923879532511,0.923879532511,0.8937661363767931
9,11,-0.707106781187,0.923879532511,0.8617497218693085
9,11,-0.382683432365,0.923879532511,0.8822243445735239
9,11,0.0,0.923879532511,0.9110807472162802
9,11,0.382683432365,0.923879532511,0.9854127499154296
9,11,0.707106781187,0.923879532511,0.9319469834090743
9,11,0.923879532511,0.923879532511,0.9187531863108295
9,11,1.0,0.923879532511,0.9283368972362728
9,11,-1.0,1.0,0.8761678087972907
9,11,-0.923879532511,1.0,0.891022329186991
9,11,-0.707106781187,1.0,0.8786607166613086
9,11,-0.382683432365,1.0,0.8637645849674129
9,11,0.0,1.0,0.9353362797788054
9,11,0.382683432365,1.0,0.9949316030216341
9,11,0.707106781187,1.0,0.9722970588105003
9,11,0.923879532511,1.0,0.9388325180292274
9,11,1.0,1.0,0.9114398110485851
