iteration,startmove,response,score
0,-1.0,-1.0,1.25061329588
0,-0.988,-1.0,1.25037824022
0,-0.951,-1.0,1.24957852757
0,-0.891,-1.0,1.25046201704
0,-0.809,-1.0,1.25269493441
0,-0.707,-1.0,1.25861903202
0,-0.588,-1.0,1.25657355779
0,-0.454,-1.0,1.25535042218
0,-0.309,-1.0,1.25898006006
0,-0.156,-1.0,1.25159977096
0,0.0,-1.0,1.24028456424
0,0.156,-1.0,1.24246271589
0,0.309,-1.0,1.22850123394
0,0.454,-1.0,1.23115233621
0,0.588,-1.0,1.21458530633
0,0.707,-1.0,1.21722746846
0,0.809,-1.0,1.21901810935
0,0.891,-1.0,1.22037344371
0,0.951,-1.0,1.2207212927
0,0.988,-1.0,1.22020367085
0,1.0,-1.0,1.22164754151
0,-1.0,-0.988,1.25341098454
0,-0.988,-0.988,1.25369407061
0,-0.951,-0.988,1.25110255993
0,-0.891,-0.988,1.25357292479
0,-0.809,-0.988,1.25405369897
0,-0.707,-0.988,1.25823816567
0,-0.588,-0.988,1.25928008488
0,-0.454,-0.988,1.25610123532
0,-0.309,-0.988,1.25852061472
0,-0.156,-0.988,1.25165275988
0,0.0,-0.988,1.24430259139
0,0.156,-0.988,1.24205086967
0,0.309,-0.988,1.23030591723
0,0.454,-0.988,1.23132742118
0,0.588,-0.988,1.21725130808
0,0.707,-0.988,1.21795395296
0,0.809,-0.988,1.21954533564
0,0.891,-0.988,1.22110508912
0,0.951,-0.988,1.22039587199
0,0.988,-0.988,1.22363802105
0,1.0,-0.988,1.2229511465
0,-1.0,-0.951,1.254027257
0,-0.988,-0.951,1.25449688318
0,-0.951,-0.951,1.25410950587
0,-0.891,-0.951,1.25113753849
0,-0.809,-0.951,1.25658315754
0,-0.707,-0.951,1.25726274297
0,-0.588,-0.951,1.25887261505
0,-0.454,-0.951,1.26072638467
0,-0.309,-0.951,1.25876898808
0,-0.156,-0.951,1.24848780096
0,0.0,-0.951,1.24438656108
0,0.156,-0.951,1.24265075736
0,0.309,-0.951,1.23222747148
0,0.454,-0.951,1.23026454356
0,0.588,-0.951,1.21840384817
0,0.707,-0.951,1.21921485395
0,0.809,-0.951,1.22151704563
0,0.891,-0.951,1.22591227285
0,0.951,-0.951,1.22445976508
0,0.988,-0.951,1.22441468774
0,1.0,-0.951,1.22583513387
0,-1.0,-0.891,1.25382697671
0,-0.988,-0.891,1.25529059355
0,-0.951,-0.891,1.25617218363
0,-0.891,-0.891,1.25849150098
0,-0.809,-0.891,1.25602293687
0,-0.707,-0.891,1.26142820496
0,-0.588,-0.891,1.26034060615
0,-0.454,-0.891,1.25854107124
0,-0.309,-0.891,1.25973885656
0,-0.156,-0.891,1.25296606638
0,0.0,-0.891,1.24597929187
0,0.156,-0.891,1.24625082943
0,0.309,-0.891,1.2347740655
0,0.454,-0.891,1.23431598422
0,0.588,-0.891,1.22729007938
0,0.707,-0.891,1.22196728095
0,0.809,-0.891,1.2239336268
0,0.891,-0.891,1.2289442557
0,0.951,-0.891,1.22693219737
0,0.988,-0.891,1.22950945505
0,1.0,-0.891,1.22833077349
0,-1.0,-0.809,1.25692758566
0,-0.988,-0.809,1.25433520771
0,-0.951,-0.809,1.25481007394
0,-0.891,-0.809,1.25584080154
0,-0.809,-0.809,1.25726982412
0,-0.707,-0.809,1.25752093855
0,-0.588,-0.809,1.25731934539
0,-0.454,-0.809,1.25854771325
0,-0.309,-0.809,1.26263996405
0,-0.156,-0.809,1.25230490909
0,0.0,-0.809,1.2468916511
0,0.156,-0.809,1.24850419539
0,0.309,-0.809,1.23452556293
0,0.454,-0.809,1.2402358899
0,0.588,-0.809,1.22475961014
0,0.707,-0.809,1.23019939153
0,0.809,-0.809,1.22987503951
0,0.891,-0.809,1.22678882928
0,0.951,-0.809,1.23023020192
0,0.988,-0.809,1.23160254819
0,1.0,-0.809,1.22872276871
0,-1.0,-0.707,1.25493778714
0,-0.988,-0.707,1.25453020343
0,-0.951,-0.707,1.25392574838
0,-0.891,-0.707,1.25601222949
0,-0.809,-0.707,1.25725291021
0,-0.707,-0.707,1.25909890495
0,-0.588,-0.707,1.25663391192
0,-0.454,-0.707,1.25621445827
0,-0.309,-0.707,1.25784434227
0,-0.156,-0.707,1.25287445997
0,0.0,-0.707,1.24592904813
0,0.156,-0.707,1.24712483092
0,0.309,-0.707,1.23918544273
0,0.454,-0.707,1.24194722107
0,0.588,-0.707,1.2288736941
0,0.707,-0.707,1.23355256168
0,0.809,-0.707,1.23320890489
0,0.891,-0.707,1.2302786471
0,0.951,-0.707,1.23250968122
0,0.988,-0.707,1.23299238925
0,1.0,-0.707,1.23513014931
0,-1.0,-0.588,1.25290090745
0,-0.988,-0.588,1.25317052829
0,-0.951,-0.588,1.25325464361
0,-0.891,-0.588,1.25457534527
0,-0.809,-0.588,1.25450473657
0,-0.707,-0.588,1.25727765313
0,-0.588,-0.588,1.25679008567
0,-0.454,-0.588,1.25497283181
0,-0.309,-0.588,1.25676854332
0,-0.156,-0.588,1.25270323274
0,0.0,-0.588,1.24552528751
0,0.156,-0.588,1.24717843008
0,0.309,-0.588,1.23974973794
0,0.454,-0.588,1.23977308141
0,0.588,-0.588,1.23309852545
0,0.707,-0.588,1.23469333543
0,0.809,-0.588,1.23509873686
0,0.891,-0.588,1.23336817902
0,0.951,-0.588,1.23408295796
0,0.988,-0.588,1.23462240221
0,1.0,-0.588,1.23405639362
0,-1.0,-0.454,1.25122228106
0,-0.988,-0.454,1.25001309042
0,-0.951,-0.454,1.25195257417
0,-0.891,-0.454,1.25499962292
0,-0.809,-0.454,1.25262610909
0,-0.707,-0.454,1.25429309785
0,-0.588,-0.454,1.25519813328
0,-0.454,-0.454,1.25297849813
0,-0.309,-0.454,1.25528673642
0,-0.156,-0.454,1.2527994087
0,0.0,-0.454,1.24444214994
0,0.156,-0.454,1.24869672621
0,0.309,-0.454,1.24348403917
0,0.454,-0.454,1.24352861911
0,0.588,-0.454,1.23737106534
0,0.707,-0.454,1.23727679698
0,0.809,-0.454,1.2356296524
0,0.891,-0.454,1.23654163135
0,0.951,-0.454,1.23985313266
0,0.988,-0.454,1.23721336442
0,1.0,-0.454,1.23695390544
0,-1.0,-0.309,1.25191740132
0,-0.988,-0.309,1.25110247626
0,-0.951,-0.309,1.25038270168
0,-0.891,-0.309,1.25067586451
0,-0.809,-0.309,1.25300557605
0,-0.707,-0.309,1.25496513533
0,-0.588,-0.309,1.25507998852
0,-0.454,-0.309,1.25271960973
0,-0.309,-0.309,1.25273585398
0,-0.156,-0.309,1.25251793997
0,0.0,-0.309,1.24784738316
0,0.156,-0.309,1.24883254397
0,0.309,-0.309,1.24383055571
0,0.454,-0.309,1.24294241976
0,0.588,-0.309,1.24150930922
0,0.707,-0.309,1.23762490024
0,0.809,-0.309,1.2403509814
0,0.891,-0.309,1.23816976445
0,0.951,-0.309,1.23912307546
0,0.988,-0.309,1.23806042618
0,1.0,-0.309,1.23752978739
0,-1.0,-0.156,1.2478153935
0,-0.988,-0.156,1.24778138463
0,-0.951,-0.156,1.25133072448
0,-0.891,-0.156,1.24896963344
0,-0.809,-0.156,1.25128898175
0,-0.707,-0.156,1.25043190074
0,-0.588,-0.156,1.25086785144
0,-0.454,-0.156,1.25001417817
0,-0.309,-0.156,1.25061285924
0,-0.156,-0.156,1.24781319732
0,0.0,-0.156,1.24769590999
0,0.156,-0.156,1.24974864119
0,0.309,-0.156,1.24238722592
0,0.454,-0.156,1.24356129485
0,0.588,-0.156,1.23914044702
0,0.707,-0.156,1.24058802094
0,0.809,-0.156,1.24029734081
0,0.891,-0.156,1.23996345489
0,0.951,-0.156,1.24249744126
0,0.988,-0.156,1.24008796897
0,1.0,-0.156,1.24472311821
0,-1.0,0.0,1.24729623033
0,-0.988,0.0,1.24733183899
0,-0.951,0.0,1.24584992232
0,-0.891,0.0,1.24478985129
0,-0.809,0.0,1.24903137651
0,-0.707,0.0,1.24460048564
0,-0.588,0.0,1.2482684647
0,-0.454,0.0,1.24832507848
0,-0.309,0.0,1.25033880661
0,-0.156,0.0,1.2492256911
0,0.0,0.0,1.24746535079
0,0.156,0.0,1.24845405814
0,0.309,0.0,1.24241482933
0,0.454,0.0,1.24465302964
0,0.588,0.0,1.24236288592
0,0.707,0.0,1.24161468645
0,0.809,0.0,1.24310038459
0,0.891,0.0,1.24421054652
0,0.951,0.0,1.2441378068
0,0.988,0.0,1.24672833499
0,1.0,0.0,1.24312666083
0,-1.0,0.156,1.24422819059
0,-0.988,0.156,1.24324824861
0,-0.951,0.156,1.24327278302
0,-0.891,0.156,1.24307581866
0,-0.809,0.156,1.24754693022
0,-0.707,0.156,1.24470022356
0,-0.588,0.156,1.24350468877
0,-0.454,0.156,1.24527063988
0,-0.309,0.156,1.24435735783
0,-0.156,0.156,1.24340563823
0,0.0,0.156,1.24689075003
0,0.156,0.156,1.24828444944
0,0.309,0.156,1.24441044299
0,0.454,0.156,1.24545084491
0,0.588,0.156,1.24022966315
0,0.707,0.156,1.24687063094
0,0.809,0.156,1.24704689636
0,0.891,0.156,1.24502557691
0,0.951,0.156,1.24489591175
0,0.988,0.156,1.24543921246
0,1.0,0.156,1.2443540594
0,-1.0,0.309,1.24142709512
0,-0.988,0.309,1.24330414802
0,-0.951,0.309,1.24537203658
0,-0.891,0.309,1.23974823593
0,-0.809,0.309,1.24404676931
0,-0.707,0.309,1.24224570514
0,-0.588,0.309,1.24250577775
0,-0.454,0.309,1.24041636347
0,-0.309,0.309,1.24184931713
0,-0.156,0.309,1.24431659214
0,0.0,0.309,1.24216942701
0,0.156,0.309,1.24907135214
0,0.309,0.309,1.24625759864
0,0.454,0.309,1.24502065729
0,0.588,0.309,1.2454247316
0,0.707,0.309,1.2444867009
0,0.809,0.309,1.24472045359
0,0.891,0.309,1.24403750238
0,0.951,0.309,1.24574715544
0,0.988,0.309,1.24704787503
0,1.0,0.309,1.24670120607
0,-1.0,0.454,1.23571187631
0,-0.988,0.454,1.23924394695
0,-0.951,0.454,1.2415945686
0,-0.891,0.454,1.23897849254
0,-0.809,0.454,1.24180850642
0,-0.707,0.454,1.2395335826
0,-0.588,0.454,1.24210254469
0,-0.454,0.454,1.23934652242
0,-0.309,0.454,1.24104367513
0,-0.156,0.454,1.24199875855
0,0.0,0.454,1.24307673133
0,0.156,0.454,1.24315919761
0,0.309,0.454,1.24734748885
0,0.454,0.454,1.24682137641
0,0.588,0.454,1.24417202531
0,0.707,0.454,1.24467976018
0,0.809,0.454,1.24606828973
0,0.891,0.454,1.24749582016
0,0.951,0.454,1.24757297052
0,0.988,0.454,1.24629076148
0,1.0,0.454,1.24685295483
0,-1.0,0.588,1.23506259593
0,-0.988,0.588,1.23713049773
0,-0.951,0.588,1.23727517423
0,-0.891,0.588,1.23841716702
0,-0.809,0.588,1.23961181752
0,-0.707,0.588,1.23851311544
0,-0.588,0.588,1.23665872791
0,-0.454,0.588,1.23686938853
0,-0.309,0.588,1.23790606273
0,-0.156,0.588,1.2415838333
0,0.0,0.588,1.24035969401
0,0.156,0.588,1.24530840744
0,0.309,0.588,1.24262338172
0,0.454,0.588,1.24731366382
0,0.588,0.588,1.24529588058
0,0.707,0.588,1.24438606821
0,0.809,0.588,1.24622529782
0,0.891,0.588,1.2432518996
0,0.951,0.588,1.24663287486
0,0.988,0.588,1.24603867562
0,1.0,0.588,1.24778503647
0,-1.0,0.707,1.23393208132
0,-0.988,0.707,1.23230577659
0,-0.951,0.707,1.23374963491
0,-0.891,0.707,1.2358520387
0,-0.809,0.707,1.23653570363
0,-0.707,0.707,1.23148050626
0,-0.588,0.707,1.23303349732
0,-0.454,0.707,1.23506576552
0,-0.309,0.707,1.23456070125
0,-0.156,0.707,1.23717690771
0,0.0,0.707,1.24024854681
0,0.156,0.707,1.24187140114
0,0.309,0.707,1.24433135225
0,0.454,0.707,1.24304233949
0,0.588,0.707,1.24261006678
0,0.707,0.707,1.24335072482
0,0.809,0.707,1.24460158051
0,0.891,0.707,1.24656153591
0,0.951,0.707,1.24389799499
0,0.988,0.707,1.24772116876
0,1.0,0.707,1.2464531012
0,-1.0,0.809,1.23248507354
0,-0.988,0.809,1.2314709288
0,-0.951,0.809,1.23273417931
0,-0.891,0.809,1.23101140229
0,-0.809,0.809,1.23372080734
0,-0.707,0.809,1.23326513168
0,-0.588,0.809,1.23232853568
0,-0.454,0.809,1.23084721612
0,-0.309,0.809,1.23228919109
0,-0.156,0.809,1.23690562168
0,0.0,0.809,1.23898762571
0,0.156,0.809,1.23916624663
0,0.309,0.809,1.2457257206
0,0.454,0.809,1.24487119092
0,0.588,0.809,1.24723906666
0,0.707,0.809,1.24641232307
0,0.809,0.809,1.24602679651
0,0.891,0.809,1.24755242415
0,0.951,0.809,1.24815241699
0,0.988,0.809,1.24608980135
0,1.0,0.809,1.24779479944
0,-1.0,0.891,1.2266009368
0,-0.988,0.891,1.22780090061
0,-0.951,0.891,1.22786882143
0,-0.891,0.891,1.2311157018
0,-0.809,0.891,1.23171857951
0,-0.707,0.891,1.22931533144
0,-0.588,0.891,1.23002443677
0,-0.454,0.891,1.23215408814
0,-0.309,0.891,1.22934478866
0,-0.156,0.891,1.23250645173
0,0.0,0.891,1.2356334826
0,0.156,0.891,1.2383241703
0,0.309,0.891,1.23974594199
0,0.454,0.891,1.24255474483
0,0.588,0.891,1.24362517385
0,0.707,0.891,1.24538076341
0,0.809,0.891,1.24455511698
0,0.891,0.891,1.24933244684
0,0.951,0.891,1.24815268481
0,0.988,0.891,1.24706450211
0,1.0,0.891,1.24478492298
0,-1.0,0.951,1.22508425778
0,-0.988,0.951,1.22817392787
0,-0.951,0.951,1.22804329644
0,-0.891,0.951,1.22839481162
0,-0.809,0.951,1.22640496042
0,-0.707,0.951,1.22731268424
0,-0.588,0.951,1.22763126936
0,-0.454,0.951,1.2253844356
0,-0.309,0.951,1.2287696032
0,-0.156,0.951,1.2312440927
0,0.0,0.951,1.23495741227
0,0.156,0.951,1.23803091291
0,0.309,0.951,1.23996479309
0,0.454,0.951,1.24197478778
0,0.588,0.951,1.2455110195
0,0.707,0.951,1.24377922413
0,0.809,0.951,1.24169692089
0,0.891,0.951,1.24337844419
0,0.951,0.951,1.24453915591
0,0.988,0.951,1.24429922161
0,1.0,0.951,1.24874322119
0,-1.0,0.988,1.22384517622
0,-0.988,0.988,1.22524924412
0,-0.951,0.988,1.22576333158
0,-0.891,0.988,1.22465859105
0,-0.809,0.988,1.22838239313
0,-0.707,0.988,1.22582000772
0,-0.588,0.988,1.22830349547
0,-0.454,0.988,1.224824861
0,-0.309,0.988,1.22521593222
0,-0.156,0.988,1.22791462638
0,0.0,0.988,1.23168205845
0,0.156,0.988,1.23709217592
0,0.309,0.988,1.24021545605
0,0.454,0.988,1.23892139125
0,0.588,0.988,1.24276535636
0,0.707,0.988,1.24490169506
0,0.809,0.988,1.24272325585
0,0.891,0.988,1.24441317476
0,0.951,0.988,1.24590261233
0,0.988,0.988,1.24521980821
0,1.0,0.988,1.24822571295
0,-1.0,1.0,1.22177402452
0,-0.988,1.0,1.22321734306
0,-0.951,1.0,1.22308546907
0,-0.891,1.0,1.22536208224
0,-0.809,1.0,1.22402863335
0,-0.707,1.0,1.2230321808
0,-0.588,1.0,1.22441230638
0,-0.454,1.0,1.22252289427
0,-0.309,1.0,1.22634994276
0,-0.156,1.0,1.22889603333
0,0.0,1.0,1.23382810912
0,0.156,1.0,1.23348893618
0,0.309,1.0,1.23792008784
0,0.454,1.0,1.23986418805
0,0.588,1.0,1.23861619988
0,0.707,1.0,1.24152748392
0,0.809,1.0,1.23889755061
0,0.891,1.0,1.24191949972
0,0.951,1.0,1.24162257663
0,0.988,1.0,1.24333718857
0,1.0,1.0,1.2433179009
1,-1.0,-1.0,1.018691474
1,-0.988,-1.0,0.99377635165
1,-0.951,-1.0,0.96092028777
1,-0.891,-1.0,0.956522706248
1,-0.809,-1.0,0.969440147084
1,-0.707,-1.0,1.02519766259
1,-0.588,-1.0,0.982360021861
1,-0.454,-1.0,0.945403462315
1,-0.309,-1.0,1.01594105093
1,-0.156,-1.0,0.983207904848
1,0.0,-1.0,0.881787716818
1,0.156,-1.0,0.985914173897
1,0.309,-1.0,0.925948486729
1,0.454,-1.0,0.967701143475
1,0.588,-1.0,0.923815870262
1,0.707,-1.0,0.91069799908
1,0.809,-1.0,0.923674296495
1,0.891,-1.0,0.919263177639
1,0.951,-1.0,0.950588248361
1,0.988,-1.0,0.932571053573
1,1.0,-1.0,0.919116757039
1,-1.0,-0.988,0.979575459772
1,-0.988,-0.988,0.96015822348
1,-0.951,-0.988,1.03019192552
1,-0.891,-0.988,0.988728090783
1,-0.809,-0.988,1.0241098398
1,-0.707,-0.988,0.987310193569
1,-0.588,-0.988,1.04895079946
1,-0.454,-0.988,0.967233650309
1,-0.309,-0.988,1.0285810928
1,-0.156,-0.988,0.942138294949
1,0.0,-0.988,0.97409456872
1,0.156,-0.988,0.968361313175
1,0.309,-0.988,0.958436516047
1,0.454,-0.988,1.01319434785
1,0.588,-0.988,0.954489367472
1,0.707,-0.988,1.01413692262
1,0.809,-0.988,0.966924351478
1,0.891,-0.988,0.980312670399
1,0.951,-0.988,0.885593922011
1,0.988,-0.988,0.984001031507
1,1.0,-0.988,0.94900618268
1,-1.0,-0.951,1.00194043549
1,-0.988,-0.951,1.0252564316
1,-0.951,-0.951,0.976127801819
1,-0.891,-0.951,0.980652465925
1,-0.809,-0.951,0.950314308993
1,-0.707,-0.951,1.01863084355
1,-0.588,-0.951,1.02205309152
1,-0.454,-0.951,0.97327916995
1,-0.309,-0.951,1.05778681471
1,-0.156,-0.951,1.03843052925
1,0.0,-0.951,0.934427964043
1,0.156,-0.951,0.963395514413
1,0.309,-0.951,0.941566633994
1,0.454,-0.951,0.960629249071
1,0.588,-0.951,0.95438258205
1,0.707,-0.951,0.931413706354
1,0.809,-0.951,0.93849975461
1,0.891,-0.951,0.952062935836
1,0.951,-0.951,0.942754713143
1,0.988,-0.951,0.94002642365
1,1.0,-0.951,0.917550070508
1,-1.0,-0.891,0.96167879633
1,-0.988,-0.891,1.01437708697
1,-0.951,-0.891,0.994564048789
1,-0.891,-0.891,0.961132355614
1,-0.809,-0.891,1.01169872032
1,-0.707,-0.891,0.968063184176
1,-0.588,-0.891,1.00437542823
1,-0.454,-0.891,0.982873453597
1,-0.309,-0.891,1.03130058993
1,-0.156,-0.891,0.958893650496
1,0.0,-0.891,0.927827600982
1,0.156,-0.891,0.913915848427
1,0.309,-0.891,0.931655667084
1,0.454,-0.891,0.915881552751
1,0.588,-0.891,0.924960280614
1,0.707,-0.891,0.956144337664
1,0.809,-0.891,0.954009440591
1,0.891,-0.891,0.916275646818
1,0.951,-0.891,0.908110357284
1,0.988,-0.891,1.0223739503
1,1.0,-0.891,0.949749526388
1,-1.0,-0.809,0.978404302363
1,-0.988,-0.809,1.00031233336
1,-0.951,-0.809,0.978744914516
1,-0.891,-0.809,1.04222417512
1,-0.809,-0.809,0.96296749795
1,-0.707,-0.809,1.03259803413
1,-0.588,-0.809,0.986852351058
1,-0.454,-0.809,1.01662362781
1,-0.309,-0.809,1.00282041039
1,-0.156,-0.809,0.947743373116
1,0.0,-0.809,0.909593528717
1,0.156,-0.809,0.955661164066
1,0.309,-0.809,0.93708850672
1,0.454,-0.809,0.964626442861
1,0.588,-0.809,1.02970361514
1,0.707,-0.809,0.933233144907
1,0.809,-0.809,0.928430134054
1,0.891,-0.809,1.00803221244
1,0.951,-0.809,0.961200964506
1,0.988,-0.809,0.93805970136
1,1.0,-0.809,0.918221129811
1,-1.0,-0.707,0.986202782227
1,-0.988,-0.707,0.944471355432
1,-0.951,-0.707,0.976005439187
1,-0.891,-0.707,0.996118977745
1,-0.809,-0.707,1.01414081858
1,-0.707,-0.707,1.02872526054
1,-0.588,-0.707,0.985872292115
1,-0.454,-0.707,0.985981419759
1,-0.309,-0.707,0.97180471932
1,-0.156,-0.707,0.948109677567
1,0.0,-0.707,0.982006225858
1,0.156,-0.707,0.946075744802
1,0.309,-0.707,0.885618701829
1,0.454,-0.707,0.939953963682
1,0.588,-0.707,0.945763048157
1,0.707,-0.707,0.97993863905
1,0.809,-0.707,0.928696640181
1,0.891,-0.707,0.96687136673
1,0.951,-0.707,0.973247562812
1,0.988,-0.707,1.00824006443
1,1.0,-0.707,0.972095597995
1,-1.0,-0.588,0.929560093651
1,-0.988,-0.588,0.977216746086
1,-0.951,-0.588,0.96324647175
1,-0.891,-0.588,0.988552809112
1,-0.809,-0.588,0.957499334322
1,-0.707,-0.588,0.980368109092
1,-0.588,-0.588,0.989976932391
1,-0.454,-0.588,0.96306723608
1,-0.309,-0.588,0.994343918196
1,-0.156,-0.588,0.996779465629
1,0.0,-0.588,0.98696197087
1,0.156,-0.588,0.97532833635
1,0.309,-0.588,0.938418849171
1,0.454,-0.588,0.91552395596
1,0.588,-0.588,0.973120414492
1,0.707,-0.588,0.956618141705
1,0.809,-0.588,0.961483726433
1,0.891,-0.588,0.947178020418
1,0.951,-0.588,0.872972191884
1,0.988,-0.588,0.974524020575
1,1.0,-0.588,0.91104827732
1,-1.0,-0.454,0.976121558363
1,-0.988,-0.454,0.946817225927
1,-0.951,-0.454,1.03022969426
1,-0.891,-0.454,0.952606813591
1,-0.809,-0.454,1.02167376731
1,-0.707,-0.454,1.02091520965
1,-0.588,-0.454,0.973235254577
1,-0.454,-0.454,1.00369915936
1,-0.309,-0.454,0.961547959507
1,-0.156,-0.454,0.991618709916
1,0.0,-0.454,0.953306291545
1,0.156,-0.454,0.961386589456
1,0.309,-0.454,0.921668576727
1,0.454,-0.454,0.959043812548
1,0.588,-0.454,0.928039763954
1,0.707,-0.454,0.947678777628
1,0.809,-0.454,0.937944732249
1,0.891,-0.454,0.953936511045
1,0.951,-0.454,1.007641207
1,0.988,-0.454,1.0107739628
1,1.0,-0.454,0.952006346319
1,-1.0,-0.309,0.971652918214
1,-0.988,-0.309,0.957483177661
1,-0.951,-0.309,0.956252327711
1,-0.891,-0.309,0.973488580191
1,-0.809,-0.309,0.947720243793
1,-0.707,-0.309,0.955435915003
1,-0.588,-0.309,0.937314891797
1,-0.454,-0.309,0.96626372008
1,-0.309,-0.309,0.961917609355
1,-0.156,-0.309,0.972244711511
1,0.0,-0.309,0.958952973992
1,0.156,-0.309,0.938906879073
1,0.309,-0.309,0.96704342485
1,0.454,-0.309,0.939671701904
1,0.588,-0.309,0.949549055158
1,0.707,-0.309,0.962134950391
1,0.809,-0.309,0.917121238506
1,0.891,-0.309,0.968130474182
1,0.951,-0.309,0.918595432782
1,0.988,-0.309,0.977330968455
1,1.0,-0.309,0.955285310608
1,-1.0,-0.156,0.985323203458
1,-0.988,-0.156,1.01724205016
1,-0.951,-0.156,0.978888432103
1,-0.891,-0.156,0.978065706489
1,-0.809,-0.156,0.950033697444
1,-0.707,-0.156,0.952482836895
1,-0.588,-0.156,1.01260004247
1,-0.454,-0.156,0.960384325058
1,-0.309,-0.156,0.947932990803
1,-0.156,-0.156,0.962666793704
1,0.0,-0.156,0.936840584485
1,0.156,-0.156,1.00141627547
1,0.309,-0.156,0.973820617368
1,0.454,-0.156,0.958560593852
1,0.588,-0.156,0.956377716454
1,0.707,-0.156,0.93156553606
1,0.809,-0.156,0.952250292766
1,0.891,-0.156,1.00992261939
1,0.951,-0.156,1.0018134286
1,0.988,-0.156,0.956151674936
1,1.0,-0.156,0.983855815725
1,-1.0,0.0,0.972785197809
1,-0.988,0.0,0.94691800087
1,-0.951,0.0,0.981433132609
1,-0.891,0.0,0.973073998133
1,-0.809,0.0,0.982362610525
1,-0.707,0.0,1.00416862558
1,-0.588,0.0,1.00443442203
1,-0.454,0.0,0.992733606803
1,-0.309,0.0,1.00512957392
1,-0.156,0.0,0.98627341824
1,0.0,0.0,0.947913486666
1,0.156,0.0,0.968726647223
1,0.309,0.0,0.999541456128
1,0.454,0.0,0.966152049114
1,0.588,0.0,0.961712091439
1,0.707,0.0,0.98992325847
1,0.809,0.0,0.939420368209
1,0.891,0.0,0.998907913773
1,0.951,0.0,0.942490744691
1,0.988,0.0,0.985045862711
1,1.0,0.0,0.942565160259
1,-1.0,0.156,0.959971764664
1,-0.988,0.156,0.952036345384
1,-0.951,0.156,0.943170815447
1,-0.891,0.156,0.972323875335
1,-0.809,0.156,0.976560499923
1,-0.707,0.156,1.00489277004
1,-0.588,0.156,0.999575622417
1,-0.454,0.156,0.977824844828
1,-0.309,0.156,0.95459543284
1,-0.156,0.156,0.953278436708
1,0.0,0.156,0.982108638512
1,0.156,0.156,0.998711516042
1,0.309,0.156,0.938718073236
1,0.454,0.156,0.990660762201
1,0.588,0.156,0.955890659587
1,0.707,0.156,0.978863853364
1,0.809,0.156,0.96954678007
1,0.891,0.156,0.941912031015
1,0.951,0.156,1.02043475078
1,0.988,0.156,1.03663258055
1,1.0,0.156,0.967883074078
1,-1.0,0.309,0.933232266118
1,-0.988,0.309,0.966727705192
1,-0.951,0.309,0.955687834349
1,-0.891,0.309,0.965727566041
1,-0.809,0.309,0.924163063699
1,-0.707,0.309,0.942359874377
1,-0.588,0.309,0.933017973555
1,-0.454,0.309,0.954462931188
1,-0.309,0.309,0.962342214899
1,-0.156,0.309,0.979033893998
1,0.0,0.309,1.00953367298
1,0.156,0.309,1.00147462489
1,0.309,0.309,0.970230503977
1,0.454,0.309,1.00673373675
1,0.588,0.309,0.976888592217
1,0.707,0.309,0.964896162149
1,0.809,0.309,0.987522401844
1,0.891,0.309,0.997611149441
1,0.951,0.309,0.973878225775
1,0.988,0.309,0.985787158892
1,1.0,0.309,0.976291286299
1,-1.0,0.454,0.944727039691
1,-0.988,0.454,0.952487055232
1,-0.951,0.454,0.988193884076
1,-0.891,0.454,0.944619120791
1,-0.809,0.454,0.953569208374
1,-0.707,0.454,0.982832124626
1,-0.588,0.454,0.961962933521
1,-0.454,0.454,0.964726349236
1,-0.309,0.454,0.953980598201
1,-0.156,0.454,0.936394792484
1,0.0,0.454,0.986837912432
1,0.156,0.454,0.986605345049
1,0.309,0.454,0.960567973451
1,0.454,0.454,1.0299922355
1,0.588,0.454,1.01157498603
1,0.707,0.454,0.988386262156
1,0.809,0.454,0.977218177408
1,0.891,0.454,1.01245998917
1,0.951,0.454,1.02779908519
1,0.988,0.454,0.971766423723
1,1.0,0.454,0.986226273285
1,-1.0,0.588,0.983066552875
1,-0.988,0.588,0.942414257573
1,-0.951,0.588,0.91872802459
1,-0.891,0.588,0.98105498853
1,-0.809,0.588,0.984250004329
1,-0.707,0.588,0.950839600351
1,-0.588,0.588,0.957284583647
1,-0.454,0.588,0.955506949531
1,-0.309,0.588,0.944371837127
1,-0.156,0.588,0.987017355638
1,0.0,0.588,1.00828754097
1,0.156,0.588,0.976664660005
1,0.309,0.588,1.03230033215
1,0.454,0.588,1.00338077894
1,0.588,0.588,0.980866747251
1,0.707,0.588,0.978544749218
1,0.809,0.588,0.999136439428
1,0.891,0.588,0.977810050902
1,0.951,0.588,0.967103720224
1,0.988,0.588,0.999341291563
1,1.0,0.588,0.979600303805
1,-1.0,0.707,0.91178239651
1,-0.988,0.707,0.953424654193
1,-0.951,0.707,0.959817361236
1,-0.891,0.707,0.940199963769
1,-0.809,0.707,0.978314991935
1,-0.707,0.707,0.943473446022
1,-0.588,0.707,0.95064092183
1,-0.454,0.707,0.966035355513
1,-0.309,0.707,0.938730944971
1,-0.156,0.707,0.917630493858
1,0.0,0.707,0.957889469381
1,0.156,0.707,0.996608189827
1,0.309,0.707,0.980741183811
1,0.454,0.707,1.01459848836
1,0.588,0.707,0.96299976032
1,0.707,0.707,0.972286110854
1,0.809,0.707,1.00216857437
1,0.891,0.707,0.967907720113
1,0.951,0.707,0.997484898759
1,0.988,0.707,0.99619577025
1,1.0,0.707,0.929187582075
1,-1.0,0.809,0.994569116652
1,-0.988,0.809,0.898668862081
1,-0.951,0.809,0.982597977605
1,-0.891,0.809,0.971255524114
1,-0.809,0.809,0.997815494537
1,-0.707,0.809,0.945184120524
1,-0.588,0.809,0.962784811079
1,-0.454,0.809,0.911939657179
1,-0.309,0.809,0.935322002816
1,-0.156,0.809,0.941670017208
1,0.0,0.809,0.946163122086
1,0.156,0.809,0.966507122635
1,0.309,0.809,0.989916223456
1,0.454,0.809,1.01963711865
1,0.588,0.809,0.996547587706
1,0.707,0.809,1.01966264878
1,0.809,0.809,0.998489158645
1,0.891,0.809,1.05486409572
1,0.951,0.809,0.966469422423
1,0.988,0.809,1.00083634909
1,1.0,0.809,0.982915519346
1,-1.0,0.891,0.972968258503
1,-0.988,0.891,1.00564895362
1,-0.951,0.891,0.98911320594
1,-0.891,0.891,0.931326065764
1,-0.809,0.891,0.946404616635
1,-0.707,0.891,0.923127530694
1,-0.588,0.891,0.973171520265
1,-0.454,0.891,0.942191121111
1,-0.309,0.891,0.940316251354
1,-0.156,0.891,0.917235558
1,0.0,0.891,0.965304242945
1,0.156,0.891,0.989293134518
1,0.309,0.891,1.01436120314
1,0.454,0.891,0.985528002929
1,0.588,0.891,0.994462147443
1,0.707,0.891,0.969650576967
1,0.809,0.891,1.02081819173
1,0.891,0.891,1.03143541185
1,0.951,0.891,0.99549501055
1,0.988,0.891,1.0155338898
1,1.0,0.891,1.02029365905
1,-1.0,0.951,0.933444547693
1,-0.988,0.951,0.97229919496
1,-0.951,0.951,0.938657501645
1,-0.891,0.951,0.948145980897
1,-0.809,0.951,0.98896766267
1,-0.707,0.951,0.981541020347
1,-0.588,0.951,0.941765714859
1,-0.454,0.951,0.959069348483
1,-0.309,0.951,0.912567965561
1,-0.156,0.951,0.958382979236
1,0.0,0.951,0.992082490573
1,0.156,0.951,0.956592955173
1,0.309,0.951,1.0018764039
1,0.454,0.951,1.01849921498
1,0.588,0.951,0.990074418566
1,0.707,0.951,0.999868876665
1,0.809,0.951,1.02450682464
1,0.891,0.951,1.08160386024
1,0.951,0.951,1.0051128599
1,0.988,0.951,1.02817855234
1,1.0,0.951,1.01765261441
1,-1.0,0.988,0.9224232566
1,-0.988,0.988,0.908628961668
1,-0.951,0.988,0.962506978606
1,-0.891,0.988,0.91626826039
1,-0.809,0.988,0.936177877168
1,-0.707,0.988,0.956638405824
1,-0.588,0.988,0.935391552267
1,-0.454,0.988,0.944726722179
1,-0.309,0.988,0.928618879478
1,-0.156,0.988,0.920077032696
1,0.0,0.988,1.01313346413
1,0.156,0.988,0.988483090048
1,0.309,0.988,1.01744733519
1,0.454,0.988,1.02049680047
1,0.588,0.988,0.985278113863
1,0.707,0.988,0.996199626111
1,0.809,0.988,0.99174755746
1,0.891,0.988,0.963254416241
1,0.951,0.988,1.01944224541
1,0.988,0.988,0.998193200231
1,1.0,0.988,0.97552061758
1,-1.0,1.0,0.936330933064
1,-0.988,1.0,0.909975516772
1,-0.951,1.0,0.951184633813
1,-0.891,1.0,0.919058724211
1,-0.809,1.0,0.939315488994
1,-0.707,1.0,0.97175591034
1,-0.588,1.0,0.922549781394
1,-0.454,1.0,0.941348929327
1,-0.309,1.0,0.955616968545
1,-0.156,1.0,0.975067618374
1,0.0,1.0,0.985147668517
1,0.156,1.0,0.968633885858
1,0.309,1.0,0.995611856101
1,0.454,1.0,0.99460327329
1,0.588,1.0,0.981237425109
1,0.707,1.0,1.01212472701
1,0.809,1.0,1.0158738983
1,0.891,1.0,1.02919107172
1,0.951,1.0,0.972619967783
1,0.988,1.0,0.953171650799
1,1.0,1.0,0.939371277583
2,-1.0,-1.0,1.05936832904
2,-0.988,-1.0,1.07889780526
2,-0.951,-1.0,1.08013154427
2,-0.891,-1.0,1.04669427284
2,-0.809,-1.0,1.06009926185
2,-0.707,-1.0,1.07881162517
2,-0.588,-1.0,1.10301291678
2,-0.454,-1.0,1.06904366594
2,-0.309,-1.0,1.05482216786
2,-0.156,-1.0,1.05005267802
2,0.0,-1.0,1.03460003535
2,0.156,-1.0,1.02732015564
2,0.309,-1.0,1.02008577325
2,0.454,-1.0,1.01958401756
2,0.588,-1.0,1.05291242253
2,0.707,-1.0,1.04247219494
2,0.809,-1.0,1.0150382314
2,0.891,-1.0,1.004994953
2,0.951,-1.0,1.02242783836
2,0.988,-1.0,1.02461450228
2,1.0,-1.0,1.01859762836
2,-1.0,-0.988,1.07808100463
2,-0.988,-0.988,1.05529051685
2,-0.951,-0.988,1.08128224615
2,-0.891,-0.988,1.06387558572
2,-0.809,-0.988,1.0939779547
2,-0.707,-0.988,1.09990045821
2,-0.588,-0.988,1.05004547736
2,-0.454,-0.988,1.06122790769
2,-0.309,-0.988,1.06317154925
2,-0.156,-0.988,1.0417115255
2,0.0,-0.988,1.04635158383
2,0.156,-0.988,1.04992088959
2,0.309,-0.988,1.02723750109
2,0.454,-0.988,1.0253177162
2,0.588,-0.988,1.03363846912
2,0.707,-0.988,1.01652045274
2,0.809,-0.988,1.00792080854
2,0.891,-0.988,1.04400324449
2,0.951,-0.988,1.01839794583
2,0.988,-0.988,1.03303030954
2,1.0,-0.988,1.02988553779
2,-1.0,-0.951,1.09047676652
2,-0.988,-0.951,1.04948245836
2,-0.951,-0.951,1.05556224465
2,-0.891,-0.951,1.07299049752
2,-0.809,-0.951,1.08303396311
2,-0.707,-0.951,1.09057197149
2,-0.588,-0.951,1.09012283536
2,-0.454,-0.951,1.09011768649
2,-0.309,-0.951,1.05951693424
2,-0.156,-0.951,1.02320406782
2,0.0,-0.951,1.04740383929
2,0.156,-0.951,1.02511875431
2,0.309,-0.951,1.00033187655
2,0.454,-0.951,1.05543345408
2,0.588,-0.951,1.02747948738
2,0.707,-0.951,1.03149929604
2,0.809,-0.951,1.01015228973
2,0.891,-0.951,1.03533887037
2,0.951,-0.951,1.05229146351
2,0.988,-0.951,1.0258159696
2,1.0,-0.951,1.04389951513
2,-1.0,-0.891,1.07829106729
2,-0.988,-0.891,1.07871285377
2,-0.951,-0.891,1.07775137835
2,-0.891,-0.891,1.09286914666
2,-0.809,-0.891,1.06268728052
2,-0.707,-0.891,1.09056797404
2,-0.588,-0.891,1.0790155692
2,-0.454,-0.891,1.08395710651
2,-0.309,-0.891,1.1004853789
2,-0.156,-0.891,1.05778363041
2,0.0,-0.891,1.06827911554
2,0.156,-0.891,1.04884156079
2,0.309,-0.891,1.01248128103
2,0.454,-0.891,1.02130747036
2,0.588,-0.891,1.04828255328
2,0.707,-0.891,1.04116274411
2,0.809,-0.891,1.04657174618
2,0.891,-0.891,1.04660413811
2,0.951,-0.891,1.04515649253
2,0.988,-0.891,1.04309994854
2,1.0,-0.891,1.04468465141
2,-1.0,-0.809,1.04331079211
2,-0.988,-0.809,1.05929168879
2,-0.951,-0.809,1.09138319219
2,-0.891,-0.809,1.10193525752
2,-0.809,-0.809,1.07261835239
2,-0.707,-0.809,1.07936052657
2,-0.588,-0.809,1.07583739093
2,-0.454,-0.809,1.07122078515
2,-0.309,-0.809,1.06027511375
2,-0.156,-0.809,1.072835094
2,0.0,-0.809,1.05118072341
2,0.156,-0.809,1.04035450201
2,0.309,-0.809,0.99874556317
2,0.454,-0.809,1.01189321326
2,0.588,-0.809,1.03635271647
2,0.707,-0.809,1.02570023423
2,0.809,-0.809,1.07327884904
2,0.891,-0.809,1.02334167857
2,0.951,-0.809,1.06356577218
2,0.988,-0.809,1.00542222698
2,1.0,-0.809,1.04744864881
2,-1.0,-0.707,1.09044806197
2,-0.988,-0.707,1.05546886052
2,-0.951,-0.707,1.07879634199
2,-0.891,-0.707,1.06999923051
2,-0.809,-0.707,1.1041526868
2,-0.707,-0.707,1.09931581262
2,-0.588,-0.707,1.07147743362
2,-0.454,-0.707,1.08893048436
2,-0.309,-0.707,1.04492428896
2,-0.156,-0.707,1.05210791162
2,0.0,-0.707,1.06259676889
2,0.156,-0.707,1.02784998108
2,0.309,-0.707,1.02296571209
2,0.454,-0.707,1.03014948323
2,0.588,-0.707,1.05290091381
2,0.707,-0.707,1.0366751492
2,0.809,-0.707,1.01695758836
2,0.891,-0.707,1.07775282006
2,0.951,-0.707,1.02071784182
2,0.988,-0.707,1.03836757298
2,1.0,-0.707,1.03937192836
2,-1.0,-0.588,1.07107730375
2,-0.988,-0.588,1.04483601574
2,-0.951,-0.588,1.0758062846
2,-0.891,-0.588,1.05475979125
2,-0.809,-0.588,1.07458697755
2,-0.707,-0.588,1.06506451474
2,-0.588,-0.588,1.08404502707
2,-0.454,-0.588,1.06263253153
2,-0.309,-0.588,1.05807630141
2,-0.156,-0.588,1.03984669451
2,0.0,-0.588,1.03776732277
2,0.156,-0.588,1.06865895219
2,0.309,-0.588,1.06845553867
2,0.454,-0.588,1.04306011726
2,0.588,-0.588,1.06471171844
2,0.707,-0.588,1.06865322625
2,0.809,-0.588,1.06295356367
2,0.891,-0.588,1.04341086651
2,0.951,-0.588,1.02186770685
2,0.988,-0.588,1.05757893063
2,1.0,-0.588,1.03980312719
2,-1.0,-0.454,1.05270331741
2,-0.988,-0.454,1.05453943482
2,-0.951,-0.454,1.0679437621
2,-0.891,-0.454,1.04187965219
2,-0.809,-0.454,1.06132338562
2,-0.707,-0.454,1.09298710813
2,-0.588,-0.454,1.04901669082
2,-0.454,-0.454,1.04365062954
2,-0.309,-0.454,1.04743694661
2,-0.156,-0.454,1.07324129127
2,0.0,-0.454,1.05749088299
2,0.156,-0.454,1.02371835785
2,0.309,-0.454,1.03997590314
2,0.454,-0.454,1.06032184841
2,0.588,-0.454,1.0583014167
2,0.707,-0.454,1.04519170635
2,0.809,-0.454,1.0498243194
2,0.891,-0.454,1.05175864748
2,0.951,-0.454,1.0366242941
2,0.988,-0.454,1.04219108577
2,1.0,-0.454,1.05205856645
2,-1.0,-0.309,1.06135797819
2,-0.988,-0.309,1.03549162601
2,-0.951,-0.309,1.05768841573
2,-0.891,-0.309,1.02942427705
2,-0.809,-0.309,1.04491270881
2,-0.707,-0.309,1.06432963309
2,-0.588,-0.309,1.07647419532
2,-0.454,-0.309,1.05338411758
2,-0.309,-0.309,1.08182639231
2,-0.156,-0.309,1.03150872751
2,0.0,-0.309,1.07921478726
2,0.156,-0.309,1.05550691065
2,0.309,-0.309,1.06572954315
2,0.454,-0.309,1.04157723097
2,0.588,-0.309,1.03303789484
2,0.707,-0.309,1.03803346191
2,0.809,-0.309,1.04588166505
2,0.891,-0.309,1.06744131386
2,0.951,-0.309,1.05721552603
2,0.988,-0.309,1.05696960801
2,1.0,-0.309,1.05085972992
2,-1.0,-0.156,1.03146480855
2,-0.988,-0.156,1.04748321657
2,-0.951,-0.156,1.01852166081
2,-0.891,-0.156,1.06583321472
2,-0.809,-0.156,1.06212251156
2,-0.707,-0.156,1.064440168
2,-0.588,-0.156,1.0642293284
2,-0.454,-0.156,1.02563810264
2,-0.309,-0.156,1.04070800535
2,-0.156,-0.156,1.04527913093
2,0.0,-0.156,1.04677993421
2,0.156,-0.156,1.027590653
2,0.309,-0.156,1.04158270207
2,0.454,-0.156,1.03970445222
2,0.588,-0.156,1.04445092626
2,0.707,-0.156,1.07881425997
2,0.809,-0.156,1.07446373504
2,0.891,-0.156,1.05590395043
2,0.951,-0.156,1.06211085348
2,0.988,-0.156,1.06203791683
2,1.0,-0.156,1.06419060925
2,-1.0,0.0,1.07033821191
2,-0.988,0.0,1.02178669888
2,-0.951,0.0,1.04967036392
2,-0.891,0.0,1.05393137172
2,-0.809,0.0,1.05335804922
2,-0.707,0.0,1.06760277687
2,-0.588,0.0,1.02394633241
2,-0.454,0.0,1.03976337942
2,-0.309,0.0,1.03752750855
2,-0.156,0.0,1.05627467111
2,0.0,0.0,1.05256112942
2,0.156,0.0,1.04899719585
2,0.309,0.0,1.08407159541
2,0.454,0.0,1.04779092033
2,0.588,0.0,1.06581451498
2,0.707,0.0,1.03446378541
2,0.809,0.0,1.04268701586
2,0.891,0.0,1.07459321179
2,0.951,0.0,1.06456505294
2,0.988,0.0,1.06596827918
2,1.0,0.0,1.05629654921
2,-1.0,0.156,1.06840273924
2,-0.988,0.156,1.02665415466
2,-0.951,0.156,1.05885197677
2,-0.891,0.156,1.05827445749
2,-0.809,0.156,1.07101277895
2,-0.707,0.156,1.05842150844
2,-0.588,0.156,1.03294126486
2,-0.454,0.156,1.05311374494
2,-0.309,0.156,1.06849744162
2,-0.156,0.156,1.06450579438
2,0.0,0.156,1.02065833425
2,0.156,0.156,1.05560059901
2,0.309,0.156,1.03029306848
2,0.454,0.156,1.06759601099
2,0.588,0.156,1.04678691526
2,0.707,0.156,1.0535490221
2,0.809,0.156,1.05570207293
2,0.891,0.156,1.07413467606
2,0.951,0.156,1.05160365453
2,0.988,0.156,1.04951708245
2,1.0,0.156,1.05648786783
2,-1.0,0.309,1.04068961124
2,-0.988,0.309,1.03432390045
2,-0.951,0.309,1.03821390984
2,-0.891,0.309,1.05547632725
2,-0.809,0.309,1.03699196342
2,-0.707,0.309,1.04753238908
2,-0.588,0.309,1.03252917998
2,-0.454,0.309,1.07922610722
2,-0.309,0.309,1.06087338358
2,-0.156,0.309,1.05022926328
2,0.0,0.309,1.03445582755
2,0.156,0.309,1.05600831912
2,0.309,0.309,1.05741123146
2,0.454,0.309,1.04650415453
2,0.588,0.309,1.08070512458
2,0.707,0.309,1.03965706616
2,0.809,0.309,1.06411856632
2,0.891,0.309,1.04114473533
2,0.951,0.309,1.06056074999
2,0.988,0.309,1.05859417269
2,1.0,0.309,1.06330319737
2,-1.0,0.454,1.06381947538
2,-0.988,0.454,1.02909304213
2,-0.951,0.454,1.04363267223
2,-0.891,0.454,1.02754821071
2,-0.809,0.454,1.06125619828
2,-0.707,0.454,1.05686578125
2,-0.588,0.454,1.02216102149
2,-0.454,0.454,1.04883867955
2,-0.309,0.454,1.02384085692
2,-0.156,0.454,1.07466381103
2,0.0,0.454,1.06480462875
2,0.156,0.454,1.06130431388
2,0.309,0.454,1.0651797218
2,0.454,0.454,1.06816495768
2,0.588,0.454,1.05118446982
2,0.707,0.454,1.04969829752
2,0.809,0.454,1.09945649836
2,0.891,0.454,1.07035859905
2,0.951,0.454,1.02965559984
2,0.988,0.454,1.07882977259
2,1.0,0.454,1.07632737905
2,-1.0,0.588,1.05651765676
2,-0.988,0.588,1.03387407184
2,-0.951,0.588,1.04577619546
2,-0.891,0.588,1.02379317815
2,-0.809,0.588,1.06414938765
2,-0.707,0.588,1.07394662325
2,-0.588,0.588,1.08265085688
2,-0.454,0.588,1.03843908546
2,-0.309,0.588,1.0529974721
2,-0.156,0.588,1.06105835371
2,0.0,0.588,1.08602481773
2,0.156,0.588,1.08945549879
2,0.309,0.588,1.05909807897
2,0.454,0.588,1.07717508437
2,0.588,0.588,1.05446802352
2,0.707,0.588,1.07807261324
2,0.809,0.588,1.07812910591
2,0.891,0.588,1.06435211261
2,0.951,0.588,1.07649460263
2,0.988,0.588,1.06287252826
2,1.0,0.588,1.05393940052
2,-1.0,0.707,1.04603598648
2,-0.988,0.707,1.02820732605
2,-0.951,0.707,1.07333719374
2,-0.891,0.707,1.04422644031
2,-0.809,0.707,1.03929909349
2,-0.707,0.707,1.04082089058
2,-0.588,0.707,1.04317710105
2,-0.454,0.707,1.05801098524
2,-0.309,0.707,1.02684603816
2,-0.156,0.707,1.03205132977
2,0.0,0.707,1.05640869667
2,0.156,0.707,1.06125063715
2,0.309,0.707,1.06594928707
2,0.454,0.707,1.07160504917
2,0.588,0.707,1.07081602888
2,0.707,0.707,1.07095445926
2,0.809,0.707,1.04718891282
2,0.891,0.707,1.0827324126
2,0.951,0.707,1.08320252363
2,0.988,0.707,1.06852740358
2,1.0,0.707,1.06433093633
2,-1.0,0.809,1.02920918217
2,-0.988,0.809,1.0508123555
2,-0.951,0.809,1.05546940642
2,-0.891,0.809,1.00519010618
2,-0.809,0.809,1.01816985159
2,-0.707,0.809,1.05384083774
2,-0.588,0.809,1.03047216879
2,-0.454,0.809,1.01446681521
2,-0.309,0.809,1.05106979294
2,-0.156,0.809,1.04494618574
2,0.0,0.809,1.02189828898
2,0.156,0.809,1.05384036129
2,0.309,0.809,1.06535441174
2,0.454,0.809,1.08457267993
2,0.588,0.809,1.07837659908
2,0.707,0.809,1.06817189831
2,0.809,0.809,1.06024487183
2,0.891,0.809,1.06587828213
2,0.951,0.809,1.05833313032
2,0.988,0.809,1.08226452891
2,1.0,0.809,1.0674869906
2,-1.0,0.891,1.0397919708
2,-0.988,0.891,1.04561796333
2,-0.951,0.891,1.04644562294
2,-0.891,0.891,1.04184453491
2,-0.809,0.891,1.04059010898
2,-0.707,0.891,1.03351653752
2,-0.588,0.891,1.03273741439
2,-0.454,0.891,1.03381699458
2,-0.309,0.891,1.04572006372
2,-0.156,0.891,1.04385440908
2,0.0,0.891,1.05947100138
2,0.156,0.891,1.08083357538
2,0.309,0.891,1.06505642222
2,0.454,0.891,1.0592074988
2,0.588,0.891,1.0886125574
2,0.707,0.891,1.06668971465
2,0.809,0.891,1.0607497479
2,0.891,0.891,1.07449071789
2,0.951,0.891,1.08974698725
2,0.988,0.891,1.08339038081
2,1.0,0.891,1.08875519095
2,-1.0,0.951,1.06722716418
2,-0.988,0.951,1.03300331528
2,-0.951,0.951,1.03931740768
2,-0.891,0.951,1.04601503094
2,-0.809,0.951,1.04916230004
2,-0.707,0.951,1.05152836964
2,-0.588,0.951,1.00936562897
2,-0.454,0.951,1.03234938446
2,-0.309,0.951,0.995720647869
2,-0.156,0.951,1.02352080249
2,0.0,0.951,1.04656503198
2,0.156,0.951,1.06422558758
2,0.309,0.951,1.07168421437
2,0.454,0.951,1.0641846709
2,0.588,0.951,1.06242634948
2,0.707,0.951,1.08807161588
2,0.809,0.951,1.0510772984
2,0.891,0.951,1.07867820349
2,0.951,0.951,1.04333284319
2,0.988,0.951,1.07253213249
2,1.0,0.951,1.04415967353
2,-1.0,0.988,1.02748028772
2,-0.988,0.988,1.02548440068
2,-0.951,0.988,1.06291313334
2,-0.891,0.988,1.0158112155
2,-0.809,0.988,1.05058957187
2,-0.707,0.988,1.05592357871
2,-0.588,0.988,1.00672217801
2,-0.454,0.988,1.04606935376
2,-0.309,0.988,0.988455217892
2,-0.156,0.988,1.05341098632
2,0.0,0.988,1.05316447544
2,0.156,0.988,1.04437537778
2,0.309,0.988,1.09186494937
2,0.454,0.988,1.03223926152
2,0.588,0.988,1.03424213898
2,0.707,0.988,1.06818875853
2,0.809,0.988,1.08754505663
2,0.891,0.988,1.07278795063
2,0.951,0.988,1.06514244427
2,0.988,0.988,1.10859024891
2,1.0,0.988,1.06162312893
2,-1.0,1.0,1.04312790777
2,-0.988,1.0,1.05904137891
2,-0.951,1.0,1.04980010325
2,-0.891,1.0,1.03331598227
2,-0.809,1.0,1.05916144953
2,-0.707,1.0,1.04634781194
2,-0.588,1.0,1.01074110139
2,-0.454,1.0,1.03505826832
2,-0.309,1.0,1.01470243165
2,-0.156,1.0,1.05061596054
2,0.0,1.0,1.06194210592
2,0.156,1.0,1.05690127428
2,0.309,1.0,1.05363878367
2,0.454,1.0,1.03006867473
2,0.588,1.0,1.06157673225
2,0.707,1.0,1.07292785825
2,0.809,1.0,1.0664664602
2,0.891,1.0,1.06456520615
2,0.951,1.0,1.0882646377
2,0.988,1.0,1.05532853391
2,1.0,1.0,1.05915166576
3,-1.0,-1.0,1.03483665836
3,-0.988,-1.0,1.0453871446
3,-0.951,-1.0,1.05959210073
3,-0.891,-1.0,1.04360877381
3,-0.809,-1.0,1.05234894816
3,-0.707,-1.0,1.0597702077
3,-0.588,-1.0,1.01496460703
3,-0.454,-1.0,1.02191436357
3,-0.309,-1.0,1.07944146947
3,-0.156,-1.0,1.05827300472
3,0.0,-1.0,1.00883208162
3,0.156,-1.0,1.01823235102
3,0.309,-1.0,1.03937428945
3,0.454,-1.0,0.964567558427
3,0.588,-1.0,1.00522165868
3,0.707,-1.0,1.0175494244
3,0.809,-1.0,1.03369332473
3,0.891,-1.0,0.99806301286
3,0.951,-1.0,0.991320242236
3,0.988,-1.0,1.03622201228
3,1.0,-1.0,1.00692663273
3,-1.0,-0.988,1.04839176517
3,-0.988,-0.988,1.07847237155
3,-0.951,-0.988,1.02059838322
3,-0.891,-0.988,1.05775898217
3,-0.809,-0.988,1.05716320287
3,-0.707,-0.988,1.06643524895
3,-0.588,-0.988,1.04867864601
3,-0.454,-0.988,1.06889757695
3,-0.309,-0.988,1.06934840865
3,-0.156,-0.988,1.02460399799
3,0.0,-0.988,0.968645128566
3,0.156,-0.988,1.01908744378
3,0.309,-0.988,0.990723208146
3,0.454,-0.988,0.981441990562
3,0.588,-0.988,1.0248660415
3,0.707,-0.988,1.02176297086
3,0.809,-0.988,1.03350078928
3,0.891,-0.988,1.01048126316
3,0.951,-0.988,1.02113077231
3,0.988,-0.988,1.01085217991
3,1.0,-0.988,0.979070745388
3,-1.0,-0.951,1.02690831225
3,-0.988,-0.951,1.0738059307
3,-0.951,-0.951,1.00648884545
3,-0.891,-0.951,1.05589398315
3,-0.809,-0.951,1.0379561949
3,-0.707,-0.951,1.0309017163
3,-0.588,-0.951,1.06075861152
3,-0.454,-0.951,1.01857886283
3,-0.309,-0.951,1.0389449691
3,-0.156,-0.951,1.01657775722
3,0.0,-0.951,1.01775167673
3,0.156,-0.951,1.04632822751
3,0.309,-0.951,1.03303960026
3,0.454,-0.951,1.02500204204
3,0.588,-0.951,1.00455676494
3,0.707,-0.951,0.986119646966
3,0.809,-0.951,1.01784725243
3,0.891,-0.951,1.03806737728
3,0.951,-0.951,1.03990328002
3,0.988,-0.951,1.05122685369
3,1.0,-0.951,1.03661507826
3,-1.0,-0.891,1.04576337731
3,-0.988,-0.891,1.04682443981
3,-0.951,-0.891,1.05818842486
3,-0.891,-0.891,1.06712530583
3,-0.809,-0.891,1.03091589579
3,-0.707,-0.891,1.03335746772
3,-0.588,-0.891,1.07758846317
3,-0.454,-0.891,1.03233784521
3,-0.309,-0.891,1.06015905173
3,-0.156,-0.891,1.056982543
3,0.0,-0.891,0.999290880909
3,0.156,-0.891,1.02728216488
3,0.309,-0.891,1.00023343233
3,0.454,-0.891,0.999648922064
3,0.588,-0.891,1.01652173282
3,0.707,-0.891,0.996101818534
3,0.809,-0.891,1.02712563261
3,0.891,-0.891,1.01670982524
3,0.951,-0.891,1.01196735468
3,0.988,-0.891,1.01260045298
3,1.0,-0.891,1.04899729052
3,-1.0,-0.809,1.06708034803
3,-0.988,-0.809,1.06683811663
3,-0.951,-0.809,1.06257198463
3,-0.891,-0.809,1.06583327526
3,-0.809,-0.809,1.07678458219
3,-0.707,-0.809,1.08032832276
3,-0.588,-0.809,1.06349720787
3,-0.454,-0.809,1.03852736417
3,-0.309,-0.809,1.07720116237
3,-0.156,-0.809,1.05382985699
3,0.0,-0.809,0.977273868385
3,0.156,-0.809,1.02280096778
3,0.309,-0.809,1.03854157933
3,0.454,-0.809,1.00893787747
3,0.588,-0.809,1.04431324828
3,0.707,-0.809,1.01899018805
3,0.809,-0.809,1.00567847313
3,0.891,-0.809,1.0201904756
3,0.951,-0.809,1.03157070334
3,0.988,-0.809,1.04954237531
3,1.0,-0.809,1.02237288266
3,-1.0,-0.707,1.05809029687
3,-0.988,-0.707,1.04098055902
3,-0.951,-0.707,1.03793024219
3,-0.891,-0.707,1.0208712989
3,-0.809,-0.707,1.04369145895
3,-0.707,-0.707,1.05446118019
3,-0.588,-0.707,1.04236377254
3,-0.454,-0.707,1.03459134224
3,-0.309,-0.707,1.01317509895
3,-0.156,-0.707,1.01314098029
3,0.0,-0.707,1.05377311065
3,0.156,-0.707,1.03260032734
3,0.309,-0.707,0.975149394741
3,0.454,-0.707,1.03446201772
3,0.588,-0.707,1.02921659732
3,0.707,-0.707,1.04817415297
3,0.809,-0.707,1.01583733472
3,0.891,-0.707,0.99908274875
3,0.951,-0.707,1.01395436415
3,0.988,-0.707,1.02872680709
3,1.0,-0.707,1.00395598607
3,-1.0,-0.588,1.04461658628
3,-0.988,-0.588,1.02914040498
3,-0.951,-0.588,1.05205428492
3,-0.891,-0.588,1.02243448317
3,-0.809,-0.588,1.04040753732
3,-0.707,-0.588,1.06907511827
3,-0.588,-0.588,1.04994599109
3,-0.454,-0.588,1.06291333735
3,-0.309,-0.588,1.07635893877
3,-0.156,-0.588,1.06240850645
3,0.0,-0.588,1.04744891826
3,0.156,-0.588,1.04431739359
3,0.309,-0.588,1.00872055715
3,0.454,-0.588,0.961015936872
3,0.588,-0.588,1.02480680518
3,0.707,-0.588,1.00715123231
3,0.809,-0.588,0.998580524356
3,0.891,-0.588,1.03147000285
3,0.951,-0.588,1.04460218023
3,0.988,-0.588,1.01131662857
3,1.0,-0.588,1.03399164705
3,-1.0,-0.454,1.04776270014
3,-0.988,-0.454,1.01934078411
3,-0.951,-0.454,1.02610411157
3,-0.891,-0.454,1.00249884843
3,-0.809,-0.454,1.05852170426
3,-0.707,-0.454,1.05263967876
3,-0.588,-0.454,1.02921167976
3,-0.454,-0.454,1.02993828968
3,-0.309,-0.454,1.01401016159
3,-0.156,-0.454,1.05622206872
3,0.0,-0.454,1.04118981215
3,0.156,-0.454,1.02215642912
3,0.309,-0.454,1.02362994282
3,0.454,-0.454,1.0134325755
3,0.588,-0.454,0.992127567188
3,0.707,-0.454,1.01159155263
3,0.809,-0.454,1.0215120176
3,0.891,-0.454,1.02333514324
3,0.951,-0.454,0.989533324966
3,0.988,-0.454,1.01447700142
3,1.0,-0.454,1.01547287734
3,-1.0,-0.309,1.05289869455
3,-0.988,-0.309,1.00950550472
3,-0.951,-0.309,1.00708498665
3,-0.891,-0.309,1.0163024604
3,-0.809,-0.309,1.04395064399
3,-0.707,-0.309,1.07183904358
3,-0.588,-0.309,1.04942540794
3,-0.454,-0.309,1.0464734974
3,-0.309,-0.309,1.03494723645
3,-0.156,-0.309,1.04076376062
3,0.0,-0.309,1.01712925767
3,0.156,-0.309,1.04797272685
3,0.309,-0.309,1.01827217708
3,0.454,-0.309,0.991804006976
3,0.588,-0.309,1.00768328855
3,0.707,-0.309,1.01796859216
3,0.809,-0.309,0.985049158689
3,0.891,-0.309,1.05016045206
3,0.951,-0.309,1.00619721584
3,0.988,-0.309,1.03025834596
3,1.0,-0.309,1.02617148665
3,-1.0,-0.156,1.01884637444
3,-0.988,-0.156,1.02805180524
3,-0.951,-0.156,1.03429731683
3,-0.891,-0.156,1.08062990381
3,-0.809,-0.156,0.969325330051
3,-0.707,-0.156,1.06738909891
3,-0.588,-0.156,1.03671440639
3,-0.454,-0.156,1.01254313061
3,-0.309,-0.156,1.0238403166
3,-0.156,-0.156,1.02099725021
3,0.0,-0.156,1.02631033151
3,0.156,-0.156,1.02434893845
3,0.309,-0.156,1.02089686295
3,0.454,-0.156,1.00774174828
3,0.588,-0.156,1.0321138637
3,0.707,-0.156,1.03789399403
3,0.809,-0.156,1.00744253326
3,0.891,-0.156,1.03577338395
3,0.951,-0.156,1.01530385172
3,0.988,-0.156,0.998471788728
3,1.0,-0.156,1.00256178771
3,-1.0,0.0,1.02607974237
3,-0.988,0.0,1.02130013201
3,-0.951,0.0,1.01129284851
3,-0.891,0.0,1.02015790476
3,-0.809,0.0,1.04779787234
3,-0.707,0.0,1.01977801968
3,-0.588,0.0,1.02508533727
3,-0.454,0.0,1.03320169757
3,-0.309,0.0,1.01047522943
3,-0.156,0.0,1.0335885315
3,0.0,0.0,1.05169728447
3,0.156,0.0,1.0616275567
3,0.309,0.0,1.01109050727
3,0.454,0.0,1.00674136999
3,0.588,0.0,1.00595797389
3,0.707,0.0,1.05238039751
3,0.809,0.0,1.02269492053
3,0.891,0.0,1.03418610561
3,0.951,0.0,0.99998446918
3,0.988,0.0,1.06939722647
3,1.0,0.0,1.05431065621
3,-1.0,0.156,1.03236190744
3,-0.988,0.156,1.05067287653
3,-0.951,0.156,1.03761443292
3,-0.891,0.156,1.02182685817
3,-0.809,0.156,1.01207913168
3,-0.707,0.156,1.0552087736
3,-0.588,0.156,1.01385740148
3,-0.454,0.156,1.04450023373
3,-0.309,0.156,1.02296771148
3,-0.156,0.156,1.05576710502
3,0.0,0.156,0.994676957554
3,0.156,0.156,1.03870913932
3,0.309,0.156,1.0391585694
3,0.454,0.156,1.02820523359
3,0.588,0.156,0.945368594477
3,0.707,0.156,1.08655339282
3,0.809,0.156,1.05267442834
3,0.891,0.156,1.07076270374
3,0.951,0.156,1.01300635364
3,0.988,0.156,1.02527669754
3,1.0,0.156,1.00575848291
3,-1.0,0.309,1.01491534701
3,-0.988,0.309,1.04742604461
3,-0.951,0.309,1.01683747735
3,-0.891,0.309,1.02774438563
3,-0.809,0.309,1.01879511866
3,-0.707,0.309,1.02712755165
3,-0.588,0.309,1.03787644327
3,-0.454,0.309,1.02841292439
3,-0.309,0.309,1.01159805708
3,-0.156,0.309,1.03078261495
3,0.0,0.309,1.0640557757
3,0.156,0.309,1.02516012827
3,0.309,0.309,1.02883569536
3,0.454,0.309,1.02409882045
3,0.588,0.309,1.03137957516
3,0.707,0.309,1.05074024774
3,0.809,0.309,1.04257568973
3,0.891,0.309,1.0392689191
3,0.951,0.309,1.00873397212
3,0.988,0.309,1.05284655972
3,1.0,0.309,1.02762682403
3,-1.0,0.454,1.0269334544
3,-0.988,0.454,1.05229025117
3,-0.951,0.454,1.02407159614
3,-0.891,0.454,1.01894710363
3,-0.809,0.454,1.01813660557
3,-0.707,0.454,0.996617879137
3,-0.588,0.454,1.01001086329
3,-0.454,0.454,1.03907022319
3,-0.309,0.454,1.03424392993
3,-0.156,0.454,1.04463150684
3,0.0,0.454,0.978514445101
3,0.156,0.454,1.03827473392
3,0.309,0.454,1.05929438387
3,0.454,0.454,1.05866583379
3,0.588,0.454,1.06435907892
3,0.707,0.454,1.07865337429
3,0.809,0.454,1.06982987364
3,0.891,0.454,1.05503864081
3,0.951,0.454,1.04054328252
3,0.988,0.454,1.04325513649
3,1.0,0.454,1.05408291771
3,-1.0,0.588,1.04758234306
3,-0.988,0.588,0.998476548562
3,-0.951,0.588,1.04817435295
3,-0.891,0.588,1.01578897513
3,-0.809,0.588,1.02717716829
3,-0.707,0.588,1.02996492574
3,-0.588,0.588,1.01918089471
3,-0.454,0.588,1.00993504446
3,-0.309,0.588,0.988404914878
3,-0.156,0.588,1.05200788325
3,0.0,0.588,1.05724421856
3,0.156,0.588,1.06781837275
3,0.309,0.588,1.05576563296
3,0.454,0.588,1.02010739168
3,0.588,0.588,1.01723615028
3,0.707,0.588,1.07195813081
3,0.809,0.588,1.04873529721
3,0.891,0.588,1.07785939571
3,0.951,0.588,1.07074542825
3,0.988,0.588,1.04168750021
3,1.0,0.588,1.07361471376
3,-1.0,0.707,1.05064082212
3,-0.988,0.707,0.991323460802
3,-0.951,0.707,1.02168078441
3,-0.891,0.707,1.02780568093
3,-0.809,0.707,1.02563804131
3,-0.707,0.707,1.01777444399
3,-0.588,0.707,1.05112403781
3,-0.454,0.707,1.01530403594
3,-0.309,0.707,1.01173262469
3,-0.156,0.707,1.02262436556
3,0.0,0.707,1.005684642
3,0.156,0.707,1.06411010498
3,0.309,0.707,1.04733032078
3,0.454,0.707,1.05035163363
3,0.588,0.707,1.04128124241
3,0.707,0.707,1.04974155398
3,0.809,0.707,1.01850954922
3,0.891,0.707,1.04637373079
3,0.951,0.707,1.05275571299
3,0.988,0.707,0.997565381044
3,1.0,0.707,1.06432478336
3,-1.0,0.809,1.00568564897
3,-0.988,0.809,1.05495492901
3,-0.951,0.809,1.01979229264
3,-0.891,0.809,1.02522230534
3,-0.809,0.809,1.0667074779
3,-0.707,0.809,1.010655923
3,-0.588,0.809,1.01166051483
3,-0.454,0.809,1.0211396
3,-0.309,0.809,0.996750708935
3,-0.156,0.809,0.984906030995
3,0.0,0.809,1.01627441168
3,0.156,0.809,1.05170260571
3,0.309,0.809,1.06007226729
3,0.454,0.809,1.05315850547
3,0.588,0.809,1.08301541969
3,0.707,0.809,1.05846606896
3,0.809,0.809,1.05383039822
3,0.891,0.809,1.03273848132
3,0.951,0.809,1.01206392026
3,0.988,0.809,1.0442234162
3,1.0,0.809,1.08887074286
3,-1.0,0.891,1.04224738269
3,-0.988,0.891,1.02717270266
3,-0.951,0.891,1.03565664829
3,-0.891,0.891,1.05898933686
3,-0.809,0.891,0.99140637601
3,-0.707,0.891,0.996248561001
3,-0.588,0.891,1.01809274595
3,-0.454,0.891,1.00303483356
3,-0.309,0.891,0.999519052691
3,-0.156,0.891,1.0540544526
3,0.0,0.891,0.993354057689
3,0.156,0.891,1.00807284658
3,0.309,0.891,1.07349612977
3,0.454,0.891,1.09775916213
3,0.588,0.891,1.04039037558
3,0.707,0.891,1.04655652592
3,0.809,0.891,1.05974096967
3,0.891,0.891,1.07236751304
3,0.951,0.891,1.07255982043
3,0.988,0.891,1.06763886533
3,1.0,0.891,1.0384020255
3,-1.0,0.951,0.992686145805
3,-0.988,0.951,1.060006912
3,-0.951,0.951,1.00464242883
3,-0.891,0.951,1.02429189286
3,-0.809,0.951,0.98583042999
3,-0.707,0.951,1.05230578516
3,-0.588,0.951,0.998063072079
3,-0.454,0.951,0.99551186466
3,-0.309,0.951,1.00669534427
3,-0.156,0.951,0.963001862867
3,0.0,0.951,1.05738420362
3,0.156,0.951,1.02875822631
3,0.309,0.951,1.06077288718
3,0.454,0.951,0.984487619459
3,0.588,0.951,1.05051133898
3,0.707,0.951,1.01402208195
3,0.809,0.951,1.04716341445
3,0.891,0.951,1.07270049373
3,0.951,0.951,1.07190538266
3,0.988,0.951,1.08388651732
3,1.0,0.951,1.01623135802
3,-1.0,0.988,1.0225177213
3,-0.988,0.988,0.995878237624
3,-0.951,0.988,1.04788318989
3,-0.891,0.988,1.01280114151
3,-0.809,0.988,0.968015801515
3,-0.707,0.988,1.00898182981
3,-0.588,0.988,1.03636381504
3,-0.454,0.988,1.05857918603
3,-0.309,0.988,1.05375509536
3,-0.156,0.988,1.04526170085
3,0.0,0.988,1.00288119208
3,0.156,0.988,1.0236566967
3,0.309,0.988,1.05753049498
3,0.454,0.988,1.03946269807
3,0.588,0.988,1.03564031144
3,0.707,0.988,1.06106471581
3,0.809,0.988,1.02664118076
3,0.891,0.988,1.06546631056
3,0.951,0.988,1.09571602053
3,0.988,0.988,1.01242447336
3,1.0,0.988,1.0144175731
3,-1.0,1.0,1.00049462406
3,-0.988,1.0,1.03061269575
3,-0.951,1.0,1.03516600064
3,-0.891,1.0,1.00398126992
3,-0.809,1.0,1.02558729823
3,-0.707,1.0,0.984346829972
3,-0.588,1.0,1.01890749898
3,-0.454,1.0,0.961904068926
3,-0.309,1.0,1.01858496549
3,-0.156,1.0,1.01432350391
3,0.0,1.0,1.0330325796
3,0.156,1.0,1.02235925963
3,0.309,1.0,1.07577595411
3,0.454,1.0,1.03724255535
3,0.588,1.0,1.08024921507
3,0.707,1.0,1.04280387618
3,0.809,1.0,1.03843912641
3,0.891,1.0,1.04200358222
3,0.951,1.0,1.05373856135
3,0.988,1.0,1.06000627106
3,1.0,1.0,1.07295668589
4,-1.0,-1.0,1.07571309468
4,-0.988,-1.0,1.08920299418
4,-0.951,-1.0,1.07705255612
4,-0.891,-1.0,1.08252262352
4,-0.809,-1.0,1.0552589807
4,-0.707,-1.0,1.04228795551
4,-0.588,-1.0,1.07132999393
4,-0.454,-1.0,1.05236970703
4,-0.309,-1.0,1.0533283106
4,-0.156,-1.0,0.96471943356
4,0.0,-1.0,1.02680602572
4,0.156,-1.0,1.011586279
4,0.309,-1.0,1.0180289218
4,0.454,-1.0,1.05577632981
4,0.588,-1.0,1.01540565991
4,0.707,-1.0,1.02334906603
4,0.809,-1.0,1.0329786177
4,0.891,-1.0,1.05200445552
4,0.951,-1.0,1.021243154
4,0.988,-1.0,1.05096132125
4,1.0,-1.0,1.04263785721
4,-1.0,-0.988,1.09539524407
4,-0.988,-0.988,1.03208769207
4,-0.951,-0.988,1.09084269326
4,-0.891,-0.988,1.08868265606
4,-0.809,-0.988,1.06808487393
4,-0.707,-0.988,1.08913244921
4,-0.588,-0.988,1.07768313382
4,-0.454,-0.988,1.04148961831
4,-0.309,-0.988,1.0948408718
4,-0.156,-0.988,1.06527682876
4,0.0,-0.988,1.02202437408
4,0.156,-0.988,1.03010436583
4,0.309,-0.988,1.0335821171
4,0.454,-0.988,1.00293607522
4,0.588,-0.988,1.04029201111
4,0.707,-0.988,0.968773440679
4,0.809,-0.988,1.01986052977
4,0.891,-0.988,0.992674877808
4,0.951,-0.988,1.0603232187
4,0.988,-0.988,1.037691545
4,1.0,-0.988,1.04670450174
4,-1.0,-0.951,1.05909253232
4,-0.988,-0.951,1.06289461593
4,-0.951,-0.951,1.11096216111
4,-0.891,-0.951,1.08017541699
4,-0.809,-0.951,1.0344597602
4,-0.707,-0.951,1.06059188177
4,-0.588,-0.951,1.0784151351
4,-0.454,-0.951,1.08825368835
4,-0.309,-0.951,1.04511665943
4,-0.156,-0.951,1.04665554685
4,0.0,-0.951,1.01871814269
4,0.156,-0.951,1.03286388843
4,0.309,-0.951,0.985753728753
4,0.454,-0.951,0.992399352746
4,0.588,-0.951,1.01419727586
4,0.707,-0.951,1.0363526746
4,0.809,-0.951,1.02445987743
4,0.891,-0.951,1.05139811322
4,0.951,-0.951,0.998716574299
4,0.988,-0.951,1.04634542552
4,1.0,-0.951,1.04079327235
4,-1.0,-0.891,1.06222360388
4,-0.988,-0.891,1.08588863915
4,-0.951,-0.891,1.07217042712
4,-0.891,-0.891,1.06995554054
4,-0.809,-0.891,1.05227231775
4,-0.707,-0.891,1.07479275966
4,-0.588,-0.891,1.07592428743
4,-0.454,-0.891,1.03652736057
4,-0.309,-0.891,1.06009531078
4,-0.156,-0.891,1.07404778347
4,0.0,-0.891,1.05417209068
4,0.156,-0.891,1.05050797597
4,0.309,-0.891,0.989390706775
4,0.454,-0.891,1.04593147673
4,0.588,-0.891,1.03278663397
4,0.707,-0.891,1.04707994055
4,0.809,-0.891,1.04390511666
4,0.891,-0.891,1.05331438825
4,0.951,-0.891,1.02415924489
4,0.988,-0.891,1.0234946108
4,1.0,-0.891,1.03100220546
4,-1.0,-0.809,1.09265811554
4,-0.988,-0.809,1.06201569718
4,-0.951,-0.809,1.08998780537
4,-0.891,-0.809,1.08118490202
4,-0.809,-0.809,1.0713892983
4,-0.707,-0.809,1.10342780637
4,-0.588,-0.809,1.05874905744
4,-0.454,-0.809,1.08871734532
4,-0.309,-0.809,1.02134354778
4,-0.156,-0.809,1.01810938905
4,0.0,-0.809,1.03186752886
4,0.156,-0.809,0.995503944722
4,0.309,-0.809,1.0385815596
4,0.454,-0.809,1.06385835187
4,0.588,-0.809,0.993112992941
4,0.707,-0.809,1.043103928
4,0.809,-0.809,1.05209462928
4,0.891,-0.809,1.05110611602
4,0.951,-0.809,1.04199272765
4,0.988,-0.809,1.00166803292
4,1.0,-0.809,1.01053142218
4,-1.0,-0.707,1.06971983468
4,-0.988,-0.707,1.06090217806
4,-0.951,-0.707,1.05361104099
4,-0.891,-0.707,1.05554984097
4,-0.809,-0.707,1.03399528078
4,-0.707,-0.707,1.06450294972
4,-0.588,-0.707,1.05613601321
4,-0.454,-0.707,1.05357309071
4,-0.309,-0.707,1.06259166477
4,-0.156,-0.707,1.03793854688
4,0.0,-0.707,1.02258727438
4,0.156,-0.707,1.03232662299
4,0.309,-0.707,1.01292185522
4,0.454,-0.707,1.01399695839
4,0.588,-0.707,0.978307105559
4,0.707,-0.707,0.97573655854
4,0.809,-0.707,1.02796695201
4,0.891,-0.707,1.04490863347
4,0.951,-0.707,1.01502867045
4,0.988,-0.707,1.05414911809
4,1.0,-0.707,1.05001148678
4,-1.0,-0.588,1.08196379783
4,-0.988,-0.588,1.10375434212
4,-0.951,-0.588,1.01736451785
4,-0.891,-0.588,1.08370214885
4,-0.809,-0.588,1.07107974861
4,-0.707,-0.588,1.0939720906
4,-0.588,-0.588,1.0606576891
4,-0.454,-0.588,1.07896095846
4,-0.309,-0.588,1.07420103115
4,-0.156,-0.588,1.03804953158
4,0.0,-0.588,1.04621070877
4,0.156,-0.588,1.05086346965
4,0.309,-0.588,0.997780852773
4,0.454,-0.588,1.0423811153
4,0.588,-0.588,1.02132667701
4,0.707,-0.588,1.03002047572
4,0.809,-0.588,1.04077859161
4,0.891,-0.588,1.02857103138
4,0.951,-0.588,1.03139873322
4,0.988,-0.588,1.03592152186
4,1.0,-0.588,1.06128714681
4,-1.0,-0.454,1.06216085598
4,-0.988,-0.454,1.05618722706
4,-0.951,-0.454,1.06111788591
4,-0.891,-0.454,1.07611995416
4,-0.809,-0.454,1.08952602008
4,-0.707,-0.454,1.04856445788
4,-0.588,-0.454,1.08698014418
4,-0.454,-0.454,1.0166132914
4,-0.309,-0.454,1.06908455766
4,-0.156,-0.454,1.07382104405
4,0.0,-0.454,1.01417393501
4,0.156,-0.454,0.99670792748
4,0.309,-0.454,1.0508145933
4,0.454,-0.454,1.00816403232
4,0.588,-0.454,1.05524545188
4,0.707,-0.454,1.05004731401
4,0.809,-0.454,1.05277084269
4,0.891,-0.454,1.02618597628
4,0.951,-0.454,1.05931130202
4,0.988,-0.454,1.06878159809
4,1.0,-0.454,1.05478177417
4,-1.0,-0.309,1.06817086313
4,-0.988,-0.309,1.04618299341
4,-0.951,-0.309,1.06558332329
4,-0.891,-0.309,1.06404023765
4,-0.809,-0.309,1.06878084683
4,-0.707,-0.309,1.06537505312
4,-0.588,-0.309,1.019861841
4,-0.454,-0.309,1.03002228183
4,-0.309,-0.309,1.05346348086
4,-0.156,-0.309,1.04130333157
4,0.0,-0.309,1.05515662014
4,0.156,-0.309,1.0618244514
4,0.309,-0.309,1.02840212733
4,0.454,-0.309,1.03779323931
4,0.588,-0.309,1.04231997813
4,0.707,-0.309,1.02539200513
4,0.809,-0.309,1.05590665008
4,0.891,-0.309,1.02386164266
4,0.951,-0.309,1.05553608557
4,0.988,-0.309,1.02766868486
4,1.0,-0.309,1.07904710679
4,-1.0,-0.156,1.02769101124
4,-0.988,-0.156,1.0535947066
4,-0.951,-0.156,1.08192054873
4,-0.891,-0.156,1.01703569634
4,-0.809,-0.156,1.02985201101
4,-0.707,-0.156,1.01195344391
4,-0.588,-0.156,1.06752341864
4,-0.454,-0.156,1.0086382487
4,-0.309,-0.156,1.03671350669
4,-0.156,-0.156,1.03620458797
4,0.0,-0.156,1.03449417705
4,0.156,-0.156,1.04428046718
4,0.309,-0.156,1.01683720623
4,0.454,-0.156,1.031388984
4,0.588,-0.156,1.06918886289
4,0.707,-0.156,1.04311244093
4,0.809,-0.156,1.05037703753
4,0.891,-0.156,1.04974674674
4,0.951,-0.156,1.00950105046
4,0.988,-0.156,1.05748750732
4,1.0,-0.156,1.03219210998
4,-1.0,0.0,1.02885448801
4,-0.988,0.0,1.07486483991
4,-0.951,0.0,1.06475360081
4,-0.891,0.0,1.03092361312
4,-0.809,0.0,1.05118144485
4,-0.707,0.0,1.03765072353
4,-0.588,0.0,1.07975947929
4,-0.454,0.0,1.04352155015
4,-0.309,0.0,1.04730283223
4,-0.156,0.0,1.05213825008
4,0.0,0.0,1.08776531499
4,0.156,0.0,1.01739170931
4,0.309,0.0,1.04138745529
4,0.454,0.0,1.03179658559
4,0.588,0.0,1.06796548205
4,0.707,0.0,1.08421421223
4,0.809,0.0,1.00634096471
4,0.891,0.0,1.06495836837
4,0.951,0.0,1.06150775104
4,0.988,0.0,1.05394882556
4,1.0,0.0,1.07366502651
4,-1.0,0.156,1.07524936501
4,-0.988,0.156,1.07424594916
4,-0.951,0.156,1.06325736119
4,-0.891,0.156,1.06331584889
4,-0.809,0.156,1.03477858907
4,-0.707,0.156,1.03479571148
4,-0.588,0.156,1.07451749466
4,-0.454,0.156,1.07413336884
4,-0.309,0.156,1.03752776609
4,-0.156,0.156,1.02998759137
4,0.0,0.156,1.0385235172
4,0.156,0.156,1.00841116584
4,0.309,0.156,1.05756329027
4,0.454,0.156,1.0382502346
4,0.588,0.156,1.04100484555
4,0.707,0.156,1.03711374398
4,0.809,0.156,1.04382468565
4,0.891,0.156,1.06100727002
4,0.951,0.156,1.03172593894
4,0.988,0.156,1.005050626
4,1.0,0.156,1.06707832417
4,-1.0,0.309,1.06599589838
4,-0.988,0.309,1.05984698375
4,-0.951,0.309,1.0258575689
4,-0.891,0.309,1.03282426858
4,-0.809,0.309,1.02308531974
4,-0.707,0.309,1.02721951726
4,-0.588,0.309,1.05234023706
4,-0.454,0.309,1.07376419291
4,-0.309,0.309,1.04340877962
4,-0.156,0.309,0.995598550767
4,0.0,0.309,1.06437598301
4,0.156,0.309,0.994396588384
4,0.309,0.309,1.06673672042
4,0.454,0.309,1.02838136994
4,0.588,0.309,1.04499845854
4,0.707,0.309,1.04360857909
4,0.809,0.309,1.0639276703
4,0.891,0.309,1.07482858413
4,0.951,0.309,1.01770961479
4,0.988,0.309,1.0475946966
4,1.0,0.309,1.07060215286
4,-1.0,0.454,1.01517773887
4,-0.988,0.454,0.9975813096
4,-0.951,0.454,1.03606375516
4,-0.891,0.454,1.02840011838
4,-0.809,0.454,1.00555577397
4,-0.707,0.454,1.04189348524
4,-0.588,0.454,1.02571923406
4,-0.454,0.454,1.01459841072
4,-0.309,0.454,1.01531727668
4,-0.156,0.454,1.03431271427
4,0.0,0.454,1.06106633551
4,0.156,0.454,1.06742088102
4,0.309,0.454,1.03199741675
4,0.454,0.454,1.05878869726
4,0.588,0.454,1.05680200301
4,0.707,0.454,1.04528686456
4,0.809,0.454,1.07437781723
4,0.891,0.454,1.06912743762
4,0.951,0.454,1.06398070458
4,0.988,0.454,1.05322157101
4,1.0,0.454,1.04666937072
4,-1.0,0.588,1.03494389165
4,-0.988,0.588,1.02939142759
4,-0.951,0.588,1.01023868146
4,-0.891,0.588,1.05446820872
4,-0.809,0.588,1.02986453602
4,-0.707,0.588,1.03286055971
4,-0.588,0.588,1.06862862188
4,-0.454,0.588,1.02217469213
4,-0.309,0.588,1.04889862271
4,-0.156,0.588,1.02784609382
4,0.0,0.588,1.06207051842
4,0.156,0.588,1.0507695234
4,0.309,0.588,1.03882812488
4,0.454,0.588,1.0425084548
4,0.588,0.588,1.05206217486
4,0.707,0.588,1.09428162434
4,0.809,0.588,1.05283215271
4,0.891,0.588,1.07954806055
4,0.951,0.588,1.08054905653
4,0.988,0.588,1.09248704927
4,1.0,0.588,1.05477706066
4,-1.0,0.707,1.03305774293
4,-0.988,0.707,1.03160220697
4,-0.951,0.707,1.05058312164
4,-0.891,0.707,1.0450325657
4,-0.809,0.707,1.04902651465
4,-0.707,0.707,1.03467500017
4,-0.588,0.707,1.01519542821
4,-0.454,0.707,1.02878538859
4,-0.309,0.707,1.02965462925
4,-0.156,0.707,1.04680044733
4,0.0,0.707,1.05414302103
4,0.156,0.707,1.02114765949
4,0.309,0.707,1.06803174644
4,0.454,0.707,1.06275907197
4,0.588,0.707,1.06817361568
4,0.707,0.707,1.07808668244
4,0.809,0.707,1.04248840501
4,0.891,0.707,1.05731545267
4,0.951,0.707,1.04052541179
4,0.988,0.707,1.07934339585
4,1.0,0.707,1.05484059669
4,-1.0,0.809,1.0162771812
4,-0.988,0.809,1.05777958539
4,-0.951,0.809,1.0904747947
4,-0.891,0.809,1.03442643311
4,-0.809,0.809,1.07327308269
4,-0.707,0.809,1.03433039718
4,-0.588,0.809,1.03664878955
4,-0.454,0.809,1.04773010525
4,-0.309,0.809,1.00598759723
4,-0.156,0.809,1.02062097402
4,0.0,0.809,1.06396418719
4,0.156,0.809,1.07395145159
4,0.309,0.809,1.04607770032
4,0.454,0.809,1.08397200239
4,0.588,0.809,1.06341684697
4,0.707,0.809,1.02830736046
4,0.809,0.809,1.0564077621
4,0.891,0.809,1.08134093596
4,0.951,0.809,1.06927773204
4,0.988,0.809,1.05485049859
4,1.0,0.809,1.012531376
4,-1.0,0.891,1.02428592361
4,-0.988,0.891,1.05005405852
4,-0.951,0.891,1.03531178523
4,-0.891,0.891,1.03738120172
4,-0.809,0.891,1.0279056522
4,-0.707,0.891,1.02837754739
4,-0.588,0.891,1.05404334773
4,-0.454,0.891,1.01505263613
4,-0.309,0.891,1.05007028585
4,-0.156,0.891,1.06987539466
4,0.0,0.891,1.03455564939
4,0.156,0.891,1.01223350896
4,0.309,0.891,1.09338100569
4,0.454,0.891,1.06123477467
4,0.588,0.891,1.05580213964
4,0.707,0.891,1.06210113212
4,0.809,0.891,1.05546404927
4,0.891,0.891,1.07618079177
4,0.951,0.891,1.05331082338
4,0.988,0.891,1.05265222202
4,1.0,0.891,1.08168469098
4,-1.0,0.951,1.05073946479
4,-0.988,0.951,1.04602159082
4,-0.951,0.951,1.04334285402
4,-0.891,0.951,1.02667690408
4,-0.809,0.951,1.03135650912
4,-0.707,0.951,1.00914169052
4,-0.588,0.951,1.00065039151
4,-0.454,0.951,1.0156657996
4,-0.309,0.951,1.08458026462
4,-0.156,0.951,1.02894508229
4,0.0,0.951,1.06759742662
4,0.156,0.951,1.10091133523
4,0.309,0.951,1.07161244664
4,0.454,0.951,1.09243097197
4,0.588,0.951,1.07672262553
4,0.707,0.951,1.08660585307
4,0.809,0.951,1.07891665114
4,0.891,0.951,1.05758672914
4,0.951,0.951,1.08771774872
4,0.988,0.951,1.08261869979
4,1.0,0.951,1.07972518745
4,-1.0,0.988,1.03068682668
4,-0.988,0.988,1.00497557791
4,-0.951,0.988,1.02362644786
4,-0.891,0.988,1.04683036771
4,-0.809,0.988,0.988985542104
4,-0.707,0.988,1.00429468162
4,-0.588,0.988,1.01914653534
4,-0.454,0.988,1.01393451552
4,-0.309,0.988,1.02602850124
4,-0.156,0.988,1.04186272478
4,0.0,0.988,1.04538796299
4,0.156,0.988,1.08008665997
4,0.309,0.988,1.06229892913
4,0.454,0.988,1.08124401589
4,0.588,0.988,1.02852158444
4,0.707,0.988,1.04723198144
4,0.809,0.988,1.04641421465
4,0.891,0.988,1.09151123725
4,0.951,0.988,0.978221483415
4,0.988,0.988,1.08186084558
4,1.0,0.988,1.05165284413
4,-1.0,1.0,1.0569276008
4,-0.988,1.0,1.00953343259
4,-0.951,1.0,0.999328712596
4,-0.891,1.0,1.03600115818
4,-0.809,1.0,0.995835453745
4,-0.707,1.0,1.05275458518
4,-0.588,1.0,1.0245384866
4,-0.454,1.0,0.9854057033
4,-0.309,1.0,1.04697489025
4,-0.156,1.0,1.0689377792
4,0.0,1.0,1.03443689617
4,0.156,1.0,1.05992931801
4,0.309,1.0,1.03157128822
4,0.454,1.0,1.08628687635
4,0.588,1.0,1.04337689505
4,0.707,1.0,1.06458677273
4,0.809,1.0,1.06097976228
4,0.891,1.0,1.05976419107
4,0.951,1.0,1.05445871129
4,0.988,1.0,1.08330498954
4,1.0,1.0,1.03674053392
5,-1.0,-1.0,1.06715012608
5,-0.988,-1.0,1.09746496768
5,-0.951,-1.0,1.05586864832
5,-0.891,-1.0,1.05117441709
5,-0.809,-1.0,1.04891057059
5,-0.707,-1.0,1.0377092278
5,-0.588,-1.0,1.06800879017
5,-0.454,-1.0,1.0439472541
5,-0.309,-1.0,1.05786135223
5,-0.156,-1.0,1.0353501315
5,0.0,-1.0,1.04106088398
5,0.156,-1.0,1.03601172321
5,0.309,-1.0,1.01845957918
5,0.454,-1.0,0.973510840881
5,0.588,-1.0,0.998898494793
5,0.707,-1.0,1.06547856187
5,0.809,-1.0,1.0526320044
5,0.891,-1.0,1.01896319826
5,0.951,-1.0,1.03255013825
5,0.988,-1.0,1.01999507491
5,1.0,-1.0,1.0313616661
5,-1.0,-0.988,1.01900284656
5,-0.988,-0.988,1.07229003442
5,-0.951,-0.988,1.08715951637
5,-0.891,-0.988,1.06439890913
5,-0.809,-0.988,1.03694231474
5,-0.707,-0.988,1.07103207198
5,-0.588,-0.988,1.0885228814
5,-0.454,-0.988,1.08341559759
5,-0.309,-0.988,1.06242492723
5,-0.156,-0.988,1.0350183932
5,0.0,-0.988,1.0391833256
5,0.156,-0.988,1.05855750353
5,0.309,-0.988,1.02122488032
5,0.454,-0.988,1.02425630429
5,0.588,-0.988,1.03442712984
5,0.707,-0.988,0.996684818512
5,0.809,-0.988,1.01864604813
5,0.891,-0.988,1.00261081937
5,0.951,-0.988,1.05722910811
5,0.988,-0.988,1.00721330771
5,1.0,-0.988,0.998393529607
5,-1.0,-0.951,1.05219484396
5,-0.988,-0.951,1.04529449303
5,-0.951,-0.951,1.04825081594
5,-0.891,-0.951,1.07773970778
5,-0.809,-0.951,1.06478691038
5,-0.707,-0.951,1.06711374924
5,-0.588,-0.951,1.06951717775
5,-0.454,-0.951,1.06661421483
5,-0.309,-0.951,1.06067501616
5,-0.156,-0.951,1.04233447678
5,0.0,-0.951,1.04044867584
5,0.156,-0.951,1.04577722941
5,0.309,-0.951,1.01228241539
5,0.454,-0.951,1.0130971766
5,0.588,-0.951,0.990666794675
5,0.707,-0.951,1.01341071232
5,0.809,-0.951,1.00854493154
5,0.891,-0.951,0.991293236713
5,0.951,-0.951,1.05028139004
5,0.988,-0.951,0.953378830339
5,1.0,-0.951,1.03107236376
5,-1.0,-0.891,1.07202321636
5,-0.988,-0.891,1.0580458945
5,-0.951,-0.891,1.0497494854
5,-0.891,-0.891,1.03332314299
5,-0.809,-0.891,1.06981624364
5,-0.707,-0.891,1.06785917395
5,-0.588,-0.891,1.08047394791
5,-0.454,-0.891,1.02995856122
5,-0.309,-0.891,1.03503067134
5,-0.156,-0.891,1.0530723261
5,0.0,-0.891,1.0148967214
5,0.156,-0.891,1.02343294961
5,0.309,-0.891,1.03205173648
5,0.454,-0.891,0.971418045208
5,0.588,-0.891,1.04004821537
5,0.707,-0.891,1.06209660219
5,0.809,-0.891,1.01391385305
5,0.891,-0.891,1.04422789515
5,0.951,-0.891,1.02835175767
5,0.988,-0.891,1.03406023802
5,1.0,-0.891,1.02488873491
5,-1.0,-0.809,1.06857852121
5,-0.988,-0.809,1.08796256948
5,-0.951,-0.809,1.07575420309
5,-0.891,-0.809,1.05445219582
5,-0.809,-0.809,1.04531419028
5,-0.707,-0.809,1.05690168889
5,-0.588,-0.809,1.03723692425
5,-0.454,-0.809,1.0496802542
5,-0.309,-0.809,1.06893641592
5,-0.156,-0.809,1.05177045467
5,0.0,-0.809,1.04951234891
5,0.156,-0.809,1.05421027365
5,0.309,-0.809,1.01026655949
5,0.454,-0.809,1.01517574189
5,0.588,-0.809,1.04611081867
5,0.707,-0.809,1.05998102075
5,0.809,-0.809,1.02279747629
5,0.891,-0.809,1.03730746144
5,0.951,-0.809,0.986323133331
5,0.988,-0.809,1.01441201819
5,1.0,-0.809,1.05932618435
5,-1.0,-0.707,1.05232737877
5,-0.988,-0.707,1.06955534635
5,-0.951,-0.707,1.03836593654
5,-0.891,-0.707,1.07377330584
5,-0.809,-0.707,1.02833577459
5,-0.707,-0.707,1.05744376769
5,-0.588,-0.707,1.05460129917
5,-0.454,-0.707,1.05254930458
5,-0.309,-0.707,1.03277730916
5,-0.156,-0.707,1.03158663459
5,0.0,-0.707,1.05850306497
5,0.156,-0.707,1.03719704259
5,0.309,-0.707,1.01821984918
5,0.454,-0.707,1.02196173676
5,0.588,-0.707,1.01640169616
5,0.707,-0.707,1.03829674745
5,0.809,-0.707,1.02304275831
5,0.891,-0.707,1.01911591102
5,0.951,-0.707,1.06047755329
5,0.988,-0.707,1.04610449948
5,1.0,-0.707,0.99965624516
5,-1.0,-0.588,1.09475691919
5,-0.988,-0.588,1.04947721109
5,-0.951,-0.588,1.07412014183
5,-0.891,-0.588,1.05559344401
5,-0.809,-0.588,1.02925997092
5,-0.707,-0.588,1.03114623281
5,-0.588,-0.588,1.04377537924
5,-0.454,-0.588,1.06463212754
5,-0.309,-0.588,1.07755156845
5,-0.156,-0.588,1.02952846613
5,0.0,-0.588,1.06388374485
5,0.156,-0.588,1.05933751054
5,0.309,-0.588,0.969166282192
5,0.454,-0.588,0.961773302214
5,0.588,-0.588,1.04854072293
5,0.707,-0.588,1.02436409033
5,0.809,-0.588,1.00330042974
5,0.891,-0.588,1.03157099213
5,0.951,-0.588,1.03573398023
5,0.988,-0.588,1.02920371606
5,1.0,-0.588,1.01091776625
5,-1.0,-0.454,1.01701874924
5,-0.988,-0.454,1.05084056882
5,-0.951,-0.454,1.07604223172
5,-0.891,-0.454,1.0649837924
5,-0.809,-0.454,1.07661997677
5,-0.707,-0.454,1.05763822011
5,-0.588,-0.454,1.0566039652
5,-0.454,-0.454,1.05341909922
5,-0.309,-0.454,1.03404815302
5,-0.156,-0.454,1.01033389319
5,0.0,-0.454,1.03178125415
5,0.156,-0.454,0.993421611919
5,0.309,-0.454,1.0087899073
5,0.454,-0.454,1.0514332554
5,0.588,-0.454,1.07282301902
5,0.707,-0.454,1.01512006388
5,0.809,-0.454,1.04649697747
5,0.891,-0.454,1.03635976881
5,0.951,-0.454,0.974826286573
5,0.988,-0.454,1.04127331617
5,1.0,-0.454,1.01881110103
5,-1.0,-0.309,1.04078724613
5,-0.988,-0.309,1.03864685916
5,-0.951,-0.309,1.08088908334
5,-0.891,-0.309,1.07887013009
5,-0.809,-0.309,1.05945173035
5,-0.707,-0.309,1.0456689459
5,-0.588,-0.309,1.01984034419
5,-0.454,-0.309,1.03929808721
5,-0.309,-0.309,1.06007508469
5,-0.156,-0.309,1.01995903333
5,0.0,-0.309,1.01575250921
5,0.156,-0.309,1.03882343225
5,0.309,-0.309,1.03082017686
5,0.454,-0.309,1.04220872958
5,0.588,-0.309,1.04864069965
5,0.707,-0.309,1.00272861194
5,0.809,-0.309,1.08281730474
5,0.891,-0.309,1.06232371796
5,0.951,-0.309,1.04631008172
5,0.988,-0.309,1.01451835265
5,1.0,-0.309,1.03688448197
5,-1.0,-0.156,1.05811622807
5,-0.988,-0.156,1.03745084939
5,-0.951,-0.156,0.970160795384
5,-0.891,-0.156,1.03258485564
5,-0.809,-0.156,1.04336482934
5,-0.707,-0.156,1.06140331303
5,-0.588,-0.156,1.03953969832
5,-0.454,-0.156,1.06920728999
5,-0.309,-0.156,1.03376890064
5,-0.156,-0.156,1.05319003553
5,0.0,-0.156,1.0065010003
5,0.156,-0.156,1.01948509763
5,0.309,-0.156,1.0498252114
5,0.454,-0.156,1.04352904793
5,0.588,-0.156,1.0509520158
5,0.707,-0.156,1.04108382552
5,0.809,-0.156,1.03642642597
5,0.891,-0.156,0.978928563256
5,0.951,-0.156,1.03999447748
5,0.988,-0.156,1.02324347762
5,1.0,-0.156,1.04596284222
5,-1.0,0.0,1.0165692086
5,-0.988,0.0,1.04489807152
5,-0.951,0.0,1.0515016034
5,-0.891,0.0,1.03149762769
5,-0.809,0.0,1.03213525806
5,-0.707,0.0,1.03313086448
5,-0.588,0.0,1.10296297465
5,-0.454,0.0,1.07945011174
5,-0.309,0.0,1.05125458121
5,-0.156,0.0,1.05974595842
5,0.0,0.0,1.0196555683
5,0.156,0.0,0.992996866098
5,0.309,0.0,1.03533777014
5,0.454,0.0,1.03446716238
5,0.588,0.0,1.02893341925
5,0.707,0.0,1.01281423316
5,0.809,0.0,1.02966269555
5,0.891,0.0,1.04814190316
5,0.951,0.0,1.03959503556
5,0.988,0.0,1.04046159316
5,1.0,0.0,1.05053076657
5,-1.0,0.156,1.02293010956
5,-0.988,0.156,1.04772751723
5,-0.951,0.156,1.03449385923
5,-0.891,0.156,1.05627299509
5,-0.809,0.156,1.05628765602
5,-0.707,0.156,1.06845833554
5,-0.588,0.156,1.02608350308
5,-0.454,0.156,1.04948300058
5,-0.309,0.156,1.01462606107
5,-0.156,0.156,1.0395861928
5,0.0,0.156,1.04173409207
5,0.156,0.156,1.04338000887
5,0.309,0.156,1.03857395738
5,0.454,0.156,1.00229884983
5,0.588,0.156,1.04622571776
5,0.707,0.156,1.03421395981
5,0.809,0.156,1.06491666132
5,0.891,0.156,1.0495263526
5,0.951,0.156,1.04526344058
5,0.988,0.156,1.0890878913
5,1.0,0.156,1.01197386109
5,-1.0,0.309,1.04759275974
5,-0.988,0.309,1.02861816506
5,-0.951,0.309,1.05062365528
5,-0.891,0.309,1.08598057395
5,-0.809,0.309,1.0381896575
5,-0.707,0.309,1.04799863549
5,-0.588,0.309,1.0323176293
5,-0.454,0.309,1.02671356108
5,-0.309,0.309,1.06991584614
5,-0.156,0.309,0.989983370387
5,0.0,0.309,1.06167411123
5,0.156,0.309,1.04799207532
5,0.309,0.309,1.03704129474
5,0.454,0.309,1.05927540441
5,0.588,0.309,1.02754521945
5,0.707,0.309,1.0130315609
5,0.809,0.309,1.02145508214
5,0.891,0.309,1.04297793077
5,0.951,0.309,1.00489805745
5,0.988,0.309,1.03487128795
5,1.0,0.309,1.09519201335
5,-1.0,0.454,1.02750513355
5,-0.988,0.454,1.01473486165
5,-0.951,0.454,1.02096261594
5,-0.891,0.454,1.01894694242
5,-0.809,0.454,1.03162884116
5,-0.707,0.454,1.03296461219
5,-0.588,0.454,1.04464171549
5,-0.454,0.454,1.04569914105
5,-0.309,0.454,1.05558455646
5,-0.156,0.454,1.06744781725
5,0.0,0.454,1.01118607034
5,0.156,0.454,1.05561377847
5,0.309,0.454,1.05954847747
5,0.454,0.454,1.07633414178
5,0.588,0.454,1.01987508592
5,0.707,0.454,1.05660437685
5,0.809,0.454,1.00350438541
5,0.891,0.454,1.08029821756
5,0.951,0.454,1.05197938175
5,0.988,0.454,1.03782474728
5,1.0,0.454,1.05698197568
5,-1.0,0.588,1.0471279205
5,-0.988,0.588,0.95997086549
5,-0.951,0.588,1.04686321684
5,-0.891,0.588,1.01338004089
5,-0.809,0.588,1.02539532305
5,-0.707,0.588,1.03805839443
5,-0.588,0.588,1.04337361682
5,-0.454,0.588,1.02031806668
5,-0.309,0.588,1.04303190448
5,-0.156,0.588,1.05800273687
5,0.0,0.588,1.04334879977
5,0.156,0.588,1.05878417541
5,0.309,0.588,1.05894921904
5,0.454,0.588,1.06047034778
5,0.588,0.588,1.07516777464
5,0.707,0.588,1.06494019548
5,0.809,0.588,1.06349776809
5,0.891,0.588,1.06576539726
5,0.951,0.588,1.07143468624
5,0.988,0.588,1.0755336278
5,1.0,0.588,1.04438703408
5,-1.0,0.707,1.01063961373
5,-0.988,0.707,1.02814750648
5,-0.951,0.707,1.03815426202
5,-0.891,0.707,1.01183506451
5,-0.809,0.707,1.02828109096
5,-0.707,0.707,1.0159838199
5,-0.588,0.707,1.03771379394
5,-0.454,0.707,1.02660356511
5,-0.309,0.707,1.02237358434
5,-0.156,0.707,1.0510983254
5,0.0,0.707,1.05183320097
5,0.156,0.707,0.992966929025
5,0.309,0.707,1.0695049875
5,0.454,0.707,1.04448758274
5,0.588,0.707,1.02259823762
5,0.707,0.707,1.04897260194
5,0.809,0.707,1.06658898679
5,0.891,0.707,1.030429484
5,0.951,0.707,1.04589588205
5,0.988,0.707,1.0765165618
5,1.0,0.707,1.09392960731
5,-1.0,0.809,1.05266337726
5,-0.988,0.809,1.02953307472
5,-0.951,0.809,1.00527496868
5,-0.891,0.809,1.0780250792
5,-0.809,0.809,1.05847598834
5,-0.707,0.809,1.05666143059
5,-0.588,0.809,1.00002407188
5,-0.454,0.809,0.98535958011
5,-0.309,0.809,1.03769328229
5,-0.156,0.809,1.07767133703
5,0.0,0.809,1.05466322326
5,0.156,0.809,1.04172799771
5,0.309,0.809,1.08831179675
5,0.454,0.809,1.07018752056
5,0.588,0.809,1.0445431049
5,0.707,0.809,1.07551326083
5,0.809,0.809,1.04991744897
5,0.891,0.809,1.06052961153
5,0.951,0.809,1.07430708289
5,0.988,0.809,1.07562195229
5,1.0,0.809,1.06817406345
5,-1.0,0.891,1.02764483793
5,-0.988,0.891,1.06464147993
5,-0.951,0.891,1.01480392859
5,-0.891,0.891,1.04494027109
5,-0.809,0.891,1.01943668597
5,-0.707,0.891,1.01989088305
5,-0.588,0.891,1.02421272858
5,-0.454,0.891,0.978271481965
5,-0.309,0.891,1.00559142143
5,-0.156,0.891,1.00429076532
5,0.0,0.891,1.06451859005
5,0.156,0.891,1.04541397643
5,0.309,0.891,1.086365845
5,0.454,0.891,1.07106186162
5,0.588,0.891,1.05151475216
5,0.707,0.891,1.06871259789
5,0.809,0.891,1.02388689543
5,0.891,0.891,1.08009817011
5,0.951,0.891,1.02909868748
5,0.988,0.891,1.06597713317
5,1.0,0.891,1.03702503377
5,-1.0,0.951,1.02757423846
5,-0.988,0.951,1.05021169915
5,-0.951,0.951,1.02538194043
5,-0.891,0.951,0.99570807235
5,-0.809,0.951,1.00608028327
5,-0.707,0.951,1.02575035406
5,-0.588,0.951,1.04939401305
5,-0.454,0.951,0.978507272585
5,-0.309,0.951,1.00053847303
5,-0.156,0.951,1.03747225454
5,0.0,0.951,1.02310517087
5,0.156,0.951,1.05357570175
5,0.309,0.951,1.0522177289
5,0.454,0.951,1.09269269518
5,0.588,0.951,1.05168352867
5,0.707,0.951,1.07283862347
5,0.809,0.951,1.05433248491
5,0.891,0.951,1.11503703146
5,0.951,0.951,1.03700762091
5,0.988,0.951,1.08746501949
5,1.0,0.951,1.02955946077
5,-1.0,0.988,1.00214729113
5,-0.988,0.988,1.02572088998
5,-0.951,0.988,1.03056959279
5,-0.891,0.988,1.01495342488
5,-0.809,0.988,1.01901206218
5,-0.707,0.988,1.01583355942
5,-0.588,0.988,1.03281558626
5,-0.454,0.988,1.01707515288
5,-0.309,0.988,0.997956085597
5,-0.156,0.988,1.02495311486
5,0.0,0.988,1.05156021758
5,0.156,0.988,1.04367075759
5,0.309,0.988,1.07803011532
5,0.454,0.988,1.07944998893
5,0.588,0.988,1.08801032742
5,0.707,0.988,1.03589586711
5,0.809,0.988,1.08381840778
5,0.891,0.988,1.06584228819
5,0.951,0.988,1.07591224706
5,0.988,0.988,1.06051019831
5,1.0,0.988,1.05924186439
5,-1.0,1.0,1.02399988716
5,-0.988,1.0,0.991369627614
5,-0.951,1.0,1.01329787575
5,-0.891,1.0,0.992414218751
5,-0.809,1.0,1.02096746876
5,-0.707,1.0,1.02519427411
5,-0.588,1.0,1.03783141878
5,-0.454,1.0,1.01874826463
5,-0.309,1.0,1.00501631893
5,-0.156,1.0,1.03208675106
5,0.0,1.0,1.04393414637
5,0.156,1.0,1.05060516513
5,0.309,1.0,1.07299642974
5,0.454,1.0,1.06090383062
5,0.588,1.0,1.0485489265
5,0.707,1.0,1.07451407883
5,0.809,1.0,1.07844709705
5,0.891,1.0,1.07349334938
5,0.951,1.0,1.0633863173
5,0.988,1.0,1.05146839261
5,1.0,1.0,1.00692010549