params,startmove,response,score
48,-1.0,-1.0,1.283786035460698
48,-0.988,-1.0,1.2847836199700677
48,-0.951,-1.0,1.2847154872399345
48,-0.891,-1.0,1.2855796975735427
48,-0.809,-1.0,1.286060407441677
48,-0.707,-1.0,1.291996044627692
48,-0.588,-1.0,1.2936765462462392
48,-0.454,-1.0,1.2970674784144374
48,-0.309,-1.0,1.2987933411622934
48,-0.156,-1.0,1.2961955514598134
48,0.0,-1.0,1.291878707928804
48,0.156,-1.0,1.2930342774440116
48,0.309,-1.0,1.2699020350719956
48,0.454,-1.0,1.2719801280131793
48,0.588,-1.0,1.238020567852948
48,0.707,-1.0,1.2392197333489754
48,0.809,-1.0,1.2654876382570008
48,0.891,-1.0,1.2657266508438096
48,0.951,-1.0,1.266490053836861
48,0.988,-1.0,1.2658413110002436
48,1.0,-1.0,1.2671617938248014
48,-1.0,-0.988,1.2857472283080429
48,-0.988,-0.988,1.2860882531391147
48,-0.951,-0.988,1.285800230854809
48,-0.891,-0.988,1.2872906476428276
48,-0.809,-0.988,1.2880309412419197
48,-0.707,-0.988,1.2932770196228516
48,-0.588,-0.988,1.2944774228907394
48,-0.454,-0.988,1.299542208370311
48,-0.309,-0.988,1.2999325597741012
48,-0.156,-0.988,1.2973056261916451
48,0.0,-0.988,1.2936123853763244
48,0.156,-0.988,1.2948946654367588
48,0.309,-0.988,1.2715519762139063
48,0.454,-0.988,1.273116839317795
48,0.588,-0.988,1.2392358128162144
48,0.707,-0.988,1.2405827879596272
48,0.809,-0.988,1.2675601848155722
48,0.891,-0.988,1.2674592310539823
48,0.951,-0.988,1.268464091254623
48,0.988,-0.988,1.2682182826497153
48,1.0,-0.988,1.269645810671229
48,-1.0,-0.951,1.2870432736895534
48,-0.988,-0.951,1.2879362309983262
48,-0.951,-0.951,1.2880555532362115
48,-0.891,-0.951,1.2888803903426997
48,-0.809,-0.951,1.2893248698643247
48,-0.707,-0.951,1.2941495133926506
48,-0.588,-0.951,1.295054904488984
48,-0.454,-0.951,1.2995962599529298
48,-0.309,-0.951,1.30157933460287
48,-0.156,-0.951,1.2979421842684948
48,0.0,-0.951,1.2942011956173758
48,0.156,-0.951,1.2964188008448059
48,0.309,-0.951,1.2737447418989822
48,0.454,-0.951,1.2744088819695376
48,0.588,-0.951,1.2412516852217321
48,0.707,-0.951,1.2425998954689106
48,0.809,-0.951,1.2677805607522141
48,0.891,-0.951,1.2689440215166239
48,0.951,-0.951,1.2703912960737027
48,0.988,-0.951,1.2706103812134084
48,1.0,-0.951,1.2696198940890695
48,-1.0,-0.891,1.2884515429293095
48,-0.988,-0.891,1.2885628304473924
48,-0.951,-0.891,1.2893748351883156
48,-0.891,-0.891,1.2896754294524972
48,-0.809,-0.891,1.290399546593397
48,-0.707,-0.891,1.2953961336023354
48,-0.588,-0.891,1.295690823646955
48,-0.454,-0.891,1.300498813970896
48,-0.309,-0.891,1.3014586270845734
48,-0.156,-0.891,1.2986183611017492
48,0.0,-0.891,1.2950392795285623
48,0.156,-0.891,1.296909104757267
48,0.309,-0.891,1.2745182735063945
48,0.454,-0.891,1.2773131038284244
48,0.588,-0.891,1.2436402821318422
48,0.707,-0.891,1.2452561953384003
48,0.809,-0.891,1.2692945274797653
48,0.891,-0.891,1.2707620418955448
48,0.951,-0.891,1.2710895735638548
48,0.988,-0.891,1.2713721545603018
48,1.0,-0.891,1.2715105502957078
48,-1.0,-0.809,1.2901328232220783
48,-0.988,-0.809,1.2905581383137832
48,-0.951,-0.809,1.2903023364650925
48,-0.891,-0.809,1.2914722972275499
48,-0.809,-0.809,1.2925639564363727
48,-0.707,-0.809,1.2952303945162498
48,-0.588,-0.809,1.296824217674755
48,-0.454,-0.809,1.3002829174872617
48,-0.309,-0.809,1.3020696857734737
48,-0.156,-0.809,1.2990692021043477
48,0.0,-0.809,1.2958661088182228
48,0.156,-0.809,1.2974021289978637
48,0.309,-0.809,1.2759572596110447
48,0.454,-0.809,1.2774344639934805
48,0.588,-0.809,1.2458570106583378
48,0.707,-0.809,1.2470666874978347
48,0.809,-0.809,1.2705926525781601
48,0.891,-0.809,1.2722617299582268
48,0.951,-0.809,1.2727181071015576
48,0.988,-0.809,1.2738171843659238
48,1.0,-0.809,1.2724764653161313
48,-1.0,-0.707,1.2912988173037894
48,-0.988,-0.707,1.2912357482568206
48,-0.951,-0.707,1.2916630238678732
48,-0.891,-0.707,1.2918288036030177
48,-0.809,-0.707,1.2934256220195852
48,-0.707,-0.707,1.294956266342654
48,-0.588,-0.707,1.296586100234053
48,-0.454,-0.707,1.2995791154021132
48,-0.309,-0.707,1.300967808332819
48,-0.156,-0.707,1.2982252695681817
48,0.0,-0.707,1.296703312229465
48,0.156,-0.707,1.297388679156844
48,0.309,-0.707,1.2778598307527131
48,0.454,-0.707,1.2783513005580374
48,0.588,-0.707,1.2467231699782233
48,0.707,-0.707,1.2488390270059286
48,0.809,-0.707,1.2726646461366495
48,0.891,-0.707,1.272855176862912
48,0.951,-0.707,1.273788394337243
48,0.988,-0.707,1.2735415575049556
48,1.0,-0.707,1.27461305778252
48,-1.0,-0.588,1.2908712147068315
48,-0.988,-0.588,1.2912637384113048
48,-0.951,-0.588,1.291571706695202
48,-0.891,-0.588,1.291704645642944
48,-0.809,-0.588,1.2926950444824366
48,-0.707,-0.588,1.294116123564732
48,-0.588,-0.588,1.295846537868579
48,-0.454,-0.588,1.2981933072224296
48,-0.309,-0.588,1.3002445651850894
48,-0.156,-0.588,1.2971136782302937
48,0.0,-0.588,1.2961585731453207
48,0.156,-0.588,1.2974894774402739
48,0.309,-0.588,1.2777666531766334
48,0.454,-0.588,1.2800176405453223
48,0.588,-0.588,1.2502134452443519
48,0.707,-0.588,1.2514274397502496
48,0.809,-0.588,1.2737086781782778
48,0.891,-0.588,1.2744192179831684
48,0.951,-0.588,1.2752375143921753
48,0.988,-0.588,1.2747797210740333
48,1.0,-0.588,1.275371052205408
48,-1.0,-0.454,1.288791998972133
48,-0.988,-0.454,1.2900796935958792
48,-0.951,-0.454,1.290226209171837
48,-0.891,-0.454,1.2907617910077003
48,-0.809,-0.454,1.2913909951317015
48,-0.707,-0.454,1.2933077310984262
48,-0.588,-0.454,1.2945694168098125
48,-0.454,-0.454,1.295701709209014
48,-0.309,-0.454,1.2978365311286075
48,-0.156,-0.454,1.295067723452914
48,0.0,-0.454,1.294794323716564
48,0.156,-0.454,1.2964344607186
48,0.309,-0.454,1.28013469725737
48,0.454,-0.454,1.2808711634544951
48,0.588,-0.454,1.2540551024591466
48,0.707,-0.454,1.2548435716856532
48,0.809,-0.454,1.275317247671626
48,0.891,-0.454,1.2747922194007537
48,0.951,-0.454,1.2769684464040512
48,0.988,-0.454,1.2773807932002383
48,1.0,-0.454,1.2778976480483188
48,-1.0,-0.309,1.2877720587924284
48,-0.988,-0.309,1.288501043700431
48,-0.951,-0.309,1.2885856231797093
48,-0.891,-0.309,1.288842784996754
48,-0.809,-0.309,1.2901235658284216
48,-0.707,-0.309,1.2913262893184667
48,-0.588,-0.309,1.293140716887108
48,-0.454,-0.309,1.2940131792294776
48,-0.309,-0.309,1.295566154798686
48,-0.156,-0.309,1.2933992710325755
48,0.0,-0.309,1.293380373017427
48,0.156,-0.309,1.2944005613795326
48,0.309,-0.309,1.2800066620009003
48,0.454,-0.309,1.2810123574884642
48,0.588,-0.309,1.255821577126361
48,0.707,-0.309,1.259235955163002
48,0.809,-0.309,1.2773785622299687
48,0.891,-0.309,1.2772102242606307
48,0.951,-0.309,1.2781206800759917
48,0.988,-0.309,1.2790868883205384
48,1.0,-0.309,1.2775039426730586
48,-1.0,-0.156,1.2867194129520039
48,-0.988,-0.156,1.2862054029639445
48,-0.951,-0.156,1.2874621765758065
48,-0.891,-0.156,1.287414886664897
48,-0.809,-0.156,1.2874321596549394
48,-0.707,-0.156,1.289669056491326
48,-0.588,-0.156,1.2913610289700943
48,-0.454,-0.156,1.290300504533322
48,-0.309,-0.156,1.2919546684012024
48,-0.156,-0.156,1.2901854471935437
48,0.0,-0.156,1.291494327666927
48,0.156,-0.156,1.2926042983535129
48,0.309,-0.156,1.279522101331132
48,0.454,-0.156,1.2833884203113055
48,0.588,-0.156,1.259752168805264
48,0.707,-0.156,1.2607931115637152
48,0.809,-0.156,1.2770741802163306
48,0.891,-0.156,1.2785871963972975
48,0.951,-0.156,1.2790109230423203
48,0.988,-0.156,1.2802961398513013
48,1.0,-0.156,1.2798769598892992
48,-1.0,0.0,1.2856105709288987
48,-0.988,0.0,1.2849796276263725
48,-0.951,0.0,1.286060388024623
48,-0.891,0.0,1.286325134260062
48,-0.809,0.0,1.2873806476848904
48,-0.707,0.0,1.2870598538087574
48,-0.588,0.0,1.2882084206697488
48,-0.454,0.0,1.2863633841364126
48,-0.309,0.0,1.287364954362248
48,-0.156,0.0,1.2859899422673422
48,0.0,0.0,1.2880202469565998
48,0.156,0.0,1.2891303405291668
48,0.309,0.0,1.2818717021003838
48,0.454,0.0,1.2821391209548643
48,0.588,0.0,1.2636256372683463
48,0.707,0.0,1.264952472636221
48,0.809,0.0,1.2793836522478619
48,0.891,0.0,1.2807552104635744
48,0.951,0.0,1.281209638115875
48,0.988,0.0,1.281178040456724
48,1.0,0.0,1.2819463464837941
48,-1.0,0.156,1.2833161785484655
48,-0.988,0.156,1.283766211997368
48,-0.951,0.156,1.2847741036207054
48,-0.891,0.156,1.2844585596949813
48,-0.809,0.156,1.285345583648863
48,-0.707,0.156,1.2830874086032038
48,-0.588,0.156,1.284775918185124
48,-0.454,0.156,1.2813368711341413
48,-0.309,0.156,1.2829281764239986
48,-0.156,0.156,1.2811242342897944
48,0.0,0.156,1.284517137196028
48,0.156,0.156,1.2865370896626678
48,0.309,0.156,1.2820707382054233
48,0.454,0.156,1.2832950726402916
48,0.588,0.156,1.2679805702540816
48,0.707,0.156,1.2680051194438406
48,0.809,0.156,1.2803610073777196
48,0.891,0.156,1.281839869483112
48,0.951,0.156,1.2821171312239905
48,0.988,0.156,1.2825628288835
48,1.0,0.156,1.2829835340447602
48,-1.0,0.309,1.2824841534424507
48,-0.988,0.309,1.2819526987347942
48,-0.951,0.309,1.2822469858110979
48,-0.891,0.309,1.2826899539737897
48,-0.809,0.309,1.2839174970860714
48,-0.707,0.309,1.279575814258638
48,-0.588,0.309,1.2803084623446213
48,-0.454,0.309,1.2763994018905878
48,-0.309,0.309,1.2777192703658438
48,-0.156,0.309,1.2768991478936218
48,0.0,0.309,1.281199428379675
48,0.156,0.309,1.2831664396786444
48,0.309,0.309,1.2822962470483807
48,0.454,0.309,1.2834246226944968
48,0.588,0.309,1.2726431453977765
48,0.707,0.309,1.274338460051692
48,0.809,0.309,1.2828851122005418
48,0.891,0.309,1.2831603841563342
48,0.951,0.309,1.2834265497204578
48,0.988,0.309,1.2840320556611369
48,1.0,0.309,1.2842340969999997
48,-1.0,0.454,1.2784678758289945
48,-0.988,0.454,1.279145543963458
48,-0.951,0.454,1.279899727768306
48,-0.891,0.454,1.2804515579594398
48,-0.809,0.454,1.2815986496947809
48,-0.707,0.454,1.2758680700190475
48,-0.588,0.454,1.277075977823261
48,-0.454,0.454,1.2702824211423716
48,-0.309,0.454,1.2722512120113063
48,-0.156,0.454,1.2710919889942758
48,0.0,0.454,1.277587564409239
48,0.156,0.454,1.279349464766253
48,0.309,0.454,1.2826573596512372
48,0.454,0.454,1.2844891625454147
48,0.588,0.454,1.2762107904457576
48,0.707,0.454,1.2775116768119172
48,0.809,0.454,1.2830587839991479
48,0.891,0.454,1.2838603222897718
48,0.951,0.454,1.2845711691534427
48,0.988,0.454,1.2849369114512055
48,1.0,0.454,1.2856953799450972
48,-1.0,0.588,1.2762827369490077
48,-0.988,0.588,1.2768195329557028
48,-0.951,0.588,1.2774569855313147
48,-0.891,0.588,1.2772013447365276
48,-0.809,0.588,1.2784140431366458
48,-0.707,0.588,1.2716418014661557
48,-0.588,0.588,1.2733751507703444
48,-0.454,0.588,1.2656695853007294
48,-0.309,0.588,1.2668302890010334
48,-0.156,0.588,1.2652779990828904
48,0.0,0.588,1.2730613833994244
48,0.156,0.588,1.27412602527598
48,0.309,0.588,1.2840186072219566
48,0.454,0.588,1.2852597466510434
48,0.588,0.588,1.2803542902905887
48,0.707,0.588,1.2810245359642358
48,0.809,0.588,1.2834474101599562
48,0.891,0.588,1.2851721844635806
48,0.951,0.588,1.2858657770932629
48,0.988,0.588,1.2859710191739098
48,1.0,0.588,1.2853666037498577
48,-1.0,0.707,1.272935898121804
48,-0.988,0.707,1.2729196608367703
48,-0.951,0.707,1.2743999744208796
48,-0.891,0.707,1.2738184299476565
48,-0.809,0.707,1.2749785680112797
48,-0.707,0.707,1.2678730752525644
48,-0.588,0.707,1.269174626020722
48,-0.454,0.707,1.2590228543320983
48,-0.309,0.707,1.2609411690531744
48,-0.156,0.707,1.2586083202533356
48,0.0,0.707,1.267403794070137
48,0.156,0.707,1.2696411578816833
48,0.309,0.707,1.2838462052177502
48,0.454,0.707,1.2864057597353484
48,0.588,0.707,1.2833946294879623
48,0.707,0.707,1.285831866837589
48,0.809,0.707,1.2848558514924502
48,0.891,0.707,1.284567567147957
48,0.951,0.707,1.2856974225259388
48,0.988,0.707,1.2871408849112211
48,1.0,0.707,1.2861549723842376
48,-1.0,0.809,1.2689415273769802
48,-0.988,0.809,1.2699280917387006
48,-0.951,0.809,1.270230104339924
48,-0.891,0.809,1.2706551535454331
48,-0.809,0.809,1.2711582425614145
48,-0.707,0.809,1.2639908714990757
48,-0.588,0.809,1.2644914380230543
48,-0.454,0.809,1.2535400785754574
48,-0.309,0.809,1.2559526523618332
48,-0.156,0.809,1.2535607031737037
48,0.0,0.809,1.263747952401501
48,0.156,0.809,1.26541964173437
48,0.309,0.809,1.2837586092624769
48,0.454,0.809,1.2851121613008594
48,0.588,0.809,1.2866204451298457
48,0.707,0.809,1.2879350004568502
48,0.809,0.809,1.2844882368193142
48,0.891,0.809,1.2856001895878757
48,0.951,0.809,1.2859712047256804
48,0.988,0.809,1.286694186927909
48,1.0,0.809,1.2862164562263774
48,-1.0,0.891,1.266603947403431
48,-0.988,0.891,1.2667144472017
48,-0.951,0.891,1.2668218461465135
48,-0.891,0.891,1.2683565441798859
48,-0.809,0.891,1.268277871105996
48,-0.707,0.891,1.2600923047531758
48,-0.588,0.891,1.2606142204572928
48,-0.454,0.891,1.2488164215267856
48,-0.309,0.891,1.25019198722363
48,-0.156,0.891,1.248943095363029
48,0.0,0.891,1.2608518317467456
48,0.156,0.891,1.2618512767855272
48,0.309,0.891,1.2835335374278858
48,0.454,0.891,1.2839035029552206
48,0.588,0.891,1.2884523156368632
48,0.707,0.891,1.290261984514349
48,0.809,0.891,1.2848792192296825
48,0.891,0.891,1.2861138180581662
48,0.951,0.891,1.2860878198219887
48,0.988,0.891,1.2865144720588015
48,1.0,0.891,1.2869360029026697
48,-1.0,0.951,1.2645084161512334
48,-0.988,0.951,1.2645566174491452
48,-0.951,0.951,1.264464913630845
48,-0.891,0.951,1.265589037545704
48,-0.809,0.951,1.2652022078558465
48,-0.707,0.951,1.2576674003052868
48,-0.588,0.951,1.2576532739165571
48,-0.454,0.951,1.245362127415416
48,-0.309,0.951,1.2465179474481642
48,-0.156,0.951,1.2439245893068906
48,0.0,0.951,1.2565528432651965
48,0.156,0.951,1.2570682307911218
48,0.309,0.951,1.2825618799844105
48,0.454,0.951,1.28325163289282
48,0.588,0.951,1.2894991484030036
48,0.707,0.951,1.291656502270866
48,0.809,0.951,1.2837064869339176
48,0.891,0.951,1.2843095116298113
48,0.951,0.951,1.285899012235973
48,0.988,0.951,1.286301381309181
48,1.0,0.951,1.285592083742019
48,-1.0,0.988,1.2619708075768359
48,-0.988,0.988,1.2622903035514614
48,-0.951,0.988,1.2629683688810864
48,-0.891,0.988,1.2632370632827779
48,-0.809,0.988,1.2638581683504468
48,-0.707,0.988,1.2546334354195332
48,-0.588,0.988,1.2552425494924402
48,-0.454,0.988,1.2420798226731358
48,-0.309,0.988,1.2425759730724715
48,-0.156,0.988,1.2408944007178757
48,0.0,0.988,1.2536248733982671
48,0.156,0.988,1.2557730328791272
48,0.309,0.988,1.2808141481666044
48,0.454,0.988,1.2819037843258343
48,0.588,0.988,1.2897449786806743
48,0.707,0.988,1.2914560352552416
48,0.809,0.988,1.2827396479864825
48,0.891,0.988,1.2837742787987425
48,0.951,0.988,1.2846333089434148
48,0.988,0.988,1.2847086278354727
48,1.0,0.988,1.285135974788844
48,-1.0,1.0,1.2602075621320425
48,-0.988,1.0,1.2597499752260624
48,-0.951,1.0,1.260723023259355
48,-0.891,1.0,1.2606960764240795
48,-0.809,1.0,1.2618373063783548
48,-0.707,1.0,1.2518518184960892
48,-0.588,1.0,1.253946834096286
48,-0.454,1.0,1.2393812356799507
48,-0.309,1.0,1.2414970995662291
48,-0.156,1.0,1.2393827901179961
48,0.0,1.0,1.2517515089086877
48,0.156,1.0,1.2535788608246272
48,0.309,1.0,1.2796403062559663
48,0.454,1.0,1.2810193358141708
48,0.588,1.0,1.2887751400257492
48,0.707,1.0,1.2901921000235137
48,0.809,1.0,1.281119458518346
48,0.891,1.0,1.2827039085970755
48,0.951,1.0,1.2830422741621246
48,0.988,1.0,1.2835490706524262
48,1.0,1.0,1.283630981754514
49,-1.0,-1.0,1.2616425564060085
49,-0.988,-1.0,1.26374531645075
49,-0.951,-1.0,1.261137085116888
49,-0.891,-1.0,1.2637123281029141
49,-0.809,-1.0,1.264334597699087
49,-0.707,-1.0,1.266145163724777
49,-0.588,-1.0,1.2648108124809054
49,-0.454,-1.0,1.2839767410225194
49,-0.309,-1.0,1.2866749363023997
49,-0.156,-1.0,1.3013612724901116
49,0.0,-1.0,1.2666129969482418
49,0.156,-1.0,1.2712156268267352
49,0.309,-1.0,1.216342758276292
49,0.454,-1.0,1.2192514692502656
49,0.588,-1.0,1.1516527158055458
49,0.707,-1.0,1.1535624100605184
49,0.809,-1.0,1.176397584933141
49,0.891,-1.0,1.1803034914882193
49,0.951,-1.0,1.177564588786245
49,0.988,-1.0,1.1839400078858764
49,1.0,-1.0,1.1817908288207044
49,-1.0,-0.988,1.2631864138486288
49,-0.988,-0.988,1.2641616935121207
49,-0.951,-0.988,1.2644821313959955
49,-0.891,-0.988,1.2640296812497318
49,-0.809,-0.988,1.2650949300160044
49,-0.707,-0.988,1.2711142260746164
49,-0.588,-0.988,1.2677144878779012
49,-0.454,-0.988,1.2856838600257106
49,-0.309,-0.988,1.2857218188193302
49,-0.156,-0.988,1.308049954518556
49,0.0,-0.988,1.269111917833778
49,0.156,-0.988,1.27666194863869
49,0.309,-0.988,1.2190209112607067
49,0.454,-0.988,1.2212302178081498
49,0.588,-0.988,1.153635145150111
49,0.707,-0.988,1.1539501106924324
49,0.809,-0.988,1.178361923645683
49,0.891,-0.988,1.183522097020891
49,0.951,-0.988,1.1802094595630022
49,0.988,-0.988,1.1834926991856698
49,1.0,-0.988,1.1791009055747055
49,-1.0,-0.951,1.2642943148939443
49,-0.988,-0.951,1.265026012283525
49,-0.951,-0.951,1.266965710206309
49,-0.891,-0.951,1.2670780095177576
49,-0.809,-0.951,1.2644998878986042
49,-0.707,-0.951,1.2684604050744146
49,-0.588,-0.951,1.2683238243452728
49,-0.454,-0.951,1.284481291807341
49,-0.309,-0.951,1.285417574797844
49,-0.156,-0.951,1.3003290651708606
49,0.0,-0.951,1.274245577026279
49,0.156,-0.951,1.2742430114662278
49,0.309,-0.951,1.2244590257520134
49,0.454,-0.951,1.2258891382521329
49,0.588,-0.951,1.1580847427731802
49,0.707,-0.951,1.1585665909547518
49,0.809,-0.951,1.181809329259027
49,0.891,-0.951,1.181889657581712
49,0.951,-0.951,1.1793404341384557
49,0.988,-0.951,1.1861258226459384
49,1.0,-0.951,1.1850782117512468
49,-1.0,-0.891,1.2651810068223994
49,-0.988,-0.891,1.2647570891366047
49,-0.951,-0.891,1.265977205403315
49,-0.891,-0.891,1.2651637141593652
49,-0.809,-0.891,1.2659773865029376
49,-0.707,-0.891,1.2700411400271927
49,-0.588,-0.891,1.2697831556278965
49,-0.454,-0.891,1.2813851132833256
49,-0.309,-0.891,1.2799944893319477
49,-0.156,-0.891,1.29822655559372
49,0.0,-0.891,1.2685542978267166
49,0.156,-0.891,1.270536817583241
49,0.309,-0.891,1.2275101418587147
49,0.454,-0.891,1.229029982344605
49,0.588,-0.891,1.1632470026377824
49,0.707,-0.891,1.1645023070992384
49,0.809,-0.891,1.1864413104295801
49,0.891,-0.891,1.1832853767007965
49,0.951,-0.891,1.187566452620049
49,0.988,-0.891,1.1899987167576895
49,1.0,-0.891,1.1856857781468622
49,-1.0,-0.809,1.2676990494558287
49,-0.988,-0.809,1.2649195470031116
49,-0.951,-0.809,1.2627323483977704
49,-0.891,-0.809,1.2661010890200644
49,-0.809,-0.809,1.268984687265685
49,-0.707,-0.809,1.2667765209336705
49,-0.588,-0.809,1.2680730344652291
49,-0.454,-0.809,1.281157110101415
49,-0.309,-0.809,1.2802495635907
49,-0.156,-0.809,1.2866487003826848
49,0.0,-0.809,1.2708702451705312
49,0.156,-0.809,1.2678440493761745
49,0.309,-0.809,1.2275765791928568
49,0.454,-0.809,1.2295962294278013
49,0.588,-0.809,1.170906913831031
49,0.707,-0.809,1.1681536521613383
49,0.809,-0.809,1.1900916962401755
49,0.891,-0.809,1.190636597666255
49,0.951,-0.809,1.1928047661513985
49,0.988,-0.809,1.1899568353966659
49,1.0,-0.809,1.193731329005338
49,-1.0,-0.707,1.263997117521704
49,-0.988,-0.707,1.2658304556610747
49,-0.951,-0.707,1.2651310554596784
49,-0.891,-0.707,1.2689061447368295
49,-0.809,-0.707,1.2641425385830096
49,-0.707,-0.707,1.2663990680023673
49,-0.588,-0.707,1.2669168355009466
49,-0.454,-0.707,1.2766288503917493
49,-0.309,-0.707,1.276802551358877
49,-0.156,-0.707,1.2827265846792018
49,0.0,-0.707,1.263916777487696
49,0.156,-0.707,1.2663145478126467
49,0.309,-0.707,1.2340723237871825
49,0.454,-0.707,1.2374968320634963
49,0.588,-0.707,1.1751445597157506
49,0.707,-0.707,1.1779376941945727
49,0.809,-0.707,1.1890315256040076
49,0.891,-0.707,1.195139825277905
49,0.951,-0.707,1.1925667767559909
49,0.988,-0.707,1.198916026187198
49,1.0,-0.707,1.191002422786229
49,-1.0,-0.588,1.2614118325630974
49,-0.988,-0.588,1.2645586900513246
49,-0.951,-0.588,1.2641086933679746
49,-0.891,-0.588,1.2674445490605315
49,-0.809,-0.588,1.2667981406513802
49,-0.707,-0.588,1.2647792776622686
49,-0.588,-0.588,1.2637431768043337
49,-0.454,-0.588,1.2689474696976226
49,-0.309,-0.588,1.2695701966068242
49,-0.156,-0.588,1.2727784252910603
49,0.0,-0.588,1.2604054905433713
49,0.156,-0.588,1.2608023986925685
49,0.309,-0.588,1.2362045638119106
49,0.454,-0.588,1.23697392016029
49,0.588,-0.588,1.1872448702874603
49,0.707,-0.588,1.1881907633487503
49,0.809,-0.588,1.1959380076614285
49,0.891,-0.588,1.1966067084229373
49,0.951,-0.588,1.2008209350188224
49,0.988,-0.588,1.2070806181302371
49,1.0,-0.588,1.207055757916906
49,-1.0,-0.454,1.2614077914570558
49,-0.988,-0.454,1.2622771106655428
49,-0.951,-0.454,1.2606498409831293
49,-0.891,-0.454,1.2653199832898878
49,-0.809,-0.454,1.2605902076938529
49,-0.707,-0.454,1.256453077390367
49,-0.588,-0.454,1.26045308471525
49,-0.454,-0.454,1.2603955305765135
49,-0.309,-0.454,1.2624492934958935
49,-0.156,-0.454,1.258971963299266
49,0.0,-0.454,1.2560142438856963
49,0.156,-0.454,1.256912598910216
49,0.309,-0.454,1.2399754145015245
49,0.454,-0.454,1.2448379619543364
49,0.588,-0.454,1.2006399919138648
49,0.707,-0.454,1.1999614785504509
49,0.809,-0.454,1.2070896309335983
49,0.891,-0.454,1.2069523153247295
49,0.951,-0.454,1.2104455908507514
49,0.988,-0.454,1.2111545408346598
49,1.0,-0.454,1.2120887445924604
49,-1.0,-0.309,1.260372863477262
49,-0.988,-0.309,1.2560832877600192
49,-0.951,-0.309,1.2587237266691542
49,-0.891,-0.309,1.2593526566192492
49,-0.809,-0.309,1.2607162680841688
49,-0.707,-0.309,1.2516266575362878
49,-0.588,-0.309,1.2546315464445814
49,-0.454,-0.309,1.254045279460325
49,-0.309,-0.309,1.2504697152737498
49,-0.156,-0.309,1.2474568746851207
49,0.0,-0.309,1.2523816401616426
49,0.156,-0.309,1.250209959287536
49,0.309,-0.309,1.2499496533014631
49,0.454,-0.309,1.2512644117946985
49,0.588,-0.309,1.212450321992403
49,0.707,-0.309,1.2124080858011859
49,0.809,-0.309,1.2175522951585254
49,0.891,-0.309,1.2120727265495252
49,0.951,-0.309,1.2165711845733198
49,0.988,-0.309,1.2135357358837318
49,1.0,-0.309,1.2165734878099392
49,-1.0,-0.156,1.255439406569542
49,-0.988,-0.156,1.255056841326409
49,-0.951,-0.156,1.2512885956573274
49,-0.891,-0.156,1.255583082878369
49,-0.809,-0.156,1.2603133316282755
49,-0.707,-0.156,1.2526613008031229
49,-0.588,-0.156,1.2497470459100937
49,-0.454,-0.156,1.2361285583774677
49,-0.309,-0.156,1.2346873841355022
49,-0.156,-0.156,1.2256940270581396
49,0.0,-0.156,1.2426183797507946
49,0.156,-0.156,1.2468116561918894
49,0.309,-0.156,1.2569545685271613
49,0.454,-0.156,1.2572899227899164
49,0.588,-0.156,1.2291023997656145
49,0.707,-0.156,1.231146293025629
49,0.809,-0.156,1.2218880008155308
49,0.891,-0.156,1.224176000193224
49,0.951,-0.156,1.2207768568301272
49,0.988,-0.156,1.2274479166649324
49,1.0,-0.156,1.2246025948077155
49,-1.0,0.0,1.251483234681847
49,-0.988,0.0,1.2492230759329892
49,-0.951,0.0,1.250377146666328
49,-0.891,0.0,1.2515343935539631
49,-0.809,0.0,1.253182850123083
49,-0.707,0.0,1.2400974566132947
49,-0.588,0.0,1.2447003393473264
49,-0.454,0.0,1.224196401147647
49,-0.309,0.0,1.2264382156610307
49,-0.156,0.0,1.2070739430910864
49,0.0,0.0,1.2318181039588016
49,0.156,0.0,1.2347226708316403
49,0.309,0.0,1.2616026712839814
49,0.454,0.0,1.2637362696979144
49,0.588,0.0,1.2457579805580201
49,0.707,0.0,1.2463906478948417
49,0.809,0.0,1.2340781967186316
49,0.891,0.0,1.2344613606368435
49,0.951,0.0,1.2351202363046132
49,0.988,0.0,1.2362589438237097
49,1.0,0.0,1.233332447728416
49,-1.0,0.156,1.2437538108864141
49,-0.988,0.156,1.2464125328482658
49,-0.951,0.156,1.2443917557172024
49,-0.891,0.156,1.2473013797411736
49,-0.809,0.156,1.250084861364407
49,-0.707,0.156,1.2321910716614308
49,-0.588,0.156,1.237217572366899
49,-0.454,0.156,1.2047676650310344
49,-0.309,0.156,1.2084898577658867
49,-0.156,0.156,1.1892903836595932
49,0.0,0.156,1.2259874309193315
49,0.156,0.156,1.2271548592036157
49,0.309,0.156,1.2690300827380834
49,0.454,0.156,1.2715406180350777
49,0.588,0.156,1.2654500891543667
49,0.707,0.156,1.2679174145776138
49,0.809,0.156,1.2389670056830984
49,0.891,0.156,1.2429033111485694
49,0.951,0.156,1.2443114136310391
49,0.988,0.156,1.2449709780202158
49,1.0,0.156,1.2430634964885663
49,-1.0,0.309,1.239284328544276
49,-0.988,0.309,1.2427834019486168
49,-0.951,0.309,1.241881181499586
49,-0.891,0.309,1.2386077188792857
49,-0.809,0.309,1.2405904785207227
49,-0.707,0.309,1.2231726122271915
49,-0.588,0.309,1.2264841878348776
49,-0.454,0.309,1.184310589372363
49,-0.309,0.309,1.189385410038678
49,-0.156,0.309,1.167368281703756
49,0.0,0.309,1.2194328564511483
49,0.156,0.309,1.2171705436407723
49,0.309,0.309,1.2784091806795337
49,0.454,0.309,1.275845528970496
49,0.588,0.309,1.2843570557155635
49,0.707,0.309,1.2825090221128224
49,0.809,0.309,1.2550178290471858
49,0.891,0.309,1.2534907377929698
49,0.951,0.309,1.2587104634035726
49,0.988,0.309,1.2570121743712301
49,1.0,0.309,1.2540266195283472
49,-1.0,0.454,1.2357152302751169
49,-0.988,0.454,1.232476553625964
49,-0.951,0.454,1.2380851647226743
49,-0.891,0.454,1.2348327070158513
49,-0.809,0.454,1.2369104995186995
49,-0.707,0.454,1.2143696981046004
49,-0.588,0.454,1.2197945798323289
49,-0.454,0.454,1.1678685880284307
49,-0.309,0.454,1.1712366761007555
49,-0.156,0.454,1.1452677172562447
49,0.0,0.454,1.2034929001208263
49,0.156,0.454,1.209350046005185
49,0.309,0.454,1.2848488304864936
49,0.454,0.454,1.2893761531360008
49,0.588,0.454,1.3041472503942546
49,0.707,0.454,1.3052031079653776
49,0.809,0.454,1.2671364569694552
49,0.891,0.454,1.268599628144314
49,0.951,0.454,1.2648442224803949
49,0.988,0.454,1.268877508787968
49,1.0,0.454,1.2691761591758115
49,-1.0,0.588,1.2273649695549953
49,-0.988,0.588,1.2282614415070485
49,-0.951,0.588,1.2292564419391825
49,-0.891,0.588,1.2290770050171762
49,-0.809,0.588,1.2314197690156297
49,-0.707,0.588,1.2091698542750964
49,-0.588,0.588,1.2099361983867394
49,-0.454,0.588,1.1511701290528826
49,-0.309,0.588,1.1524387709117239
49,-0.156,0.588,1.1223654152462037
49,0.0,0.588,1.1966637815518937
49,0.156,0.588,1.197192812060335
49,0.309,0.588,1.2910307079609042
49,0.454,0.588,1.2903745693359738
49,0.588,0.588,1.3213759820155833
49,0.707,0.588,1.3220230518947094
49,0.809,0.588,1.2768162397504483
49,0.891,0.588,1.2744762034407195
49,0.951,0.588,1.2812290425144903
49,0.988,0.588,1.281774713490409
49,1.0,0.588,1.282136898555035
49,-1.0,0.707,1.2241993290574096
49,-0.988,0.707,1.2267550229519935
49,-0.951,0.707,1.2244343586532649
49,-0.891,0.707,1.2232024876164744
49,-0.809,0.707,1.2246764900509925
49,-0.707,0.707,1.1973235159635367
49,-0.588,0.707,1.20262329598662
49,-0.454,0.707,1.1363475428715477
49,-0.309,0.707,1.1378464372434876
49,-0.156,0.707,1.103829013655358
49,0.0,0.707,1.1890494898109822
49,0.156,0.707,1.1907482699988545
49,0.309,0.707,1.2916216866763606
49,0.454,0.707,1.2955144309343105
49,0.588,0.707,1.335337972126172
49,0.707,0.707,1.3369841676956873
49,0.809,0.707,1.2916194916027746
49,0.891,0.707,1.292885184849643
49,0.951,0.707,1.2885212977824219
49,0.988,0.707,1.2922017381637791
49,1.0,0.707,1.2914026189896652
49,-1.0,0.809,1.2214944893299862
49,-0.988,0.809,1.2201756402411545
49,-0.951,0.809,1.2171896605432095
49,-0.891,0.809,1.2187475307612678
49,-0.809,0.809,1.21980153468876
49,-0.707,0.809,1.1889143045522652
49,-0.588,0.809,1.1908154897082772
49,-0.454,0.809,1.1183350632756857
49,-0.309,0.809,1.1183040177507813
49,-0.156,0.809,1.0891980211073713
49,0.0,0.809,1.181864753301376
49,0.156,0.809,1.1865783439984348
49,0.309,0.809,1.297617725140579
49,0.454,0.809,1.2965410767224819
49,0.588,0.809,1.3449955503110849
49,0.707,0.809,1.3489515123750808
49,0.809,0.809,1.3010874758379658
49,0.891,0.809,1.3001060758648841
49,0.951,0.809,1.3025113450574717
49,0.988,0.809,1.3033154128541802
49,1.0,0.809,1.302215054320725
49,-1.0,0.891,1.2140317471576207
49,-0.988,0.891,1.2111072947941834
49,-0.951,0.891,1.2124104296517413
49,-0.891,0.891,1.2165762967992273
49,-0.809,0.891,1.2137905593610663
49,-0.707,0.891,1.1850978218713735
49,-0.588,0.891,1.1835860388041377
49,-0.454,0.891,1.1025943503000704
49,-0.309,0.891,1.1041637794937735
49,-0.156,0.891,1.077122613567604
49,0.0,0.891,1.1799710984665341
49,0.156,0.891,1.181196115036831
49,0.309,0.891,1.3015598961086539
49,0.454,0.891,1.300225923188829
49,0.588,0.891,1.3570253734428916
49,0.707,0.891,1.3555412227581274
49,0.809,0.891,1.3078100897300544
49,0.891,0.891,1.3086414429473
49,0.951,0.891,1.306018489887944
49,0.988,0.891,1.3091169196668746
49,1.0,0.891,1.3120247426576228
49,-1.0,0.951,1.2108408045180148
49,-0.988,0.951,1.2098476920107826
49,-0.951,0.951,1.2097192422260137
49,-0.891,0.951,1.2094427993416652
49,-0.809,0.951,1.2114275969953723
49,-0.707,0.951,1.1792011288919848
49,-0.588,0.951,1.1761535579823934
49,-0.454,0.951,1.0884555063395789
49,-0.309,0.951,1.092781587229994
49,-0.156,0.951,1.0674313152310673
49,0.0,0.951,1.1754496694876837
49,0.156,0.951,1.1757740083848651
49,0.309,0.951,1.3020157514623634
49,0.454,0.951,1.305016009829457
49,0.588,0.951,1.3659532993818362
49,0.707,0.951,1.3641548672088617
49,0.809,0.951,1.313407257879874
49,0.891,0.951,1.315315558145947
49,0.951,0.951,1.313620594149179
49,0.988,0.951,1.3154963694812591
49,1.0,0.951,1.3135823440935568
49,-1.0,0.988,1.2070387371727263
49,-0.988,0.988,1.207286533544368
49,-0.951,0.988,1.205565027528953
49,-0.891,0.988,1.2100149956507895
49,-0.809,0.988,1.2067738646912713
49,-0.707,0.988,1.1737449008742755
49,-0.588,0.988,1.173001173636406
49,-0.454,0.988,1.0872367224034754
49,-0.309,0.988,1.0851470831690169
49,-0.156,0.988,1.0634946879994893
49,0.0,0.988,1.172578800731935
49,0.156,0.988,1.1710755320602941
49,0.309,0.988,1.3033642576263282
49,0.454,0.988,1.3054651357359317
49,0.588,0.988,1.3710107149738144
49,0.707,0.988,1.3673429813583442
49,0.809,0.988,1.316677100150052
49,0.891,0.988,1.3154990879198858
49,0.951,0.988,1.318811188469147
49,0.988,0.988,1.3157863224930557
49,1.0,0.988,1.3175858279925725
49,-1.0,1.0,1.1999206629338985
49,-0.988,1.0,1.2044782057650802
49,-0.951,1.0,1.2032732855640733
49,-0.891,1.0,1.205270709519083
49,-0.809,1.0,1.2061592833354855
49,-0.707,1.0,1.1699961633813851
49,-0.588,1.0,1.1727304962020666
49,-0.454,1.0,1.0826005378463863
49,-0.309,1.0,1.0809954534141837
49,-0.156,1.0,1.0574932234237568
49,0.0,1.0,1.1720254946542255
49,0.156,1.0,1.170186338246856
49,0.309,1.0,1.3016115806489672
49,0.454,1.0,1.3048263570463572
49,0.588,1.0,1.3679244747349713
49,0.707,1.0,1.3679704800819932
49,0.809,1.0,1.318142940184862
49,0.891,1.0,1.3192123814790653
49,0.951,1.0,1.3169187274300764
49,0.988,1.0,1.3168618236061307
49,1.0,1.0,1.3169682784549974
50,-1.0,-1.0,1.14679216195964
50,-0.988,-1.0,1.1478632893804195
50,-0.951,-1.0,1.1476395597866431
50,-0.891,-1.0,1.1481057509074863
50,-0.809,-1.0,1.1490683794880547
50,-0.707,-1.0,1.1506425236070708
50,-0.588,-1.0,1.1517806028926951
50,-0.454,-1.0,1.1527126774272967
50,-0.309,-1.0,1.1549147260372077
50,-0.156,-1.0,1.148939910171918
50,0.0,-1.0,1.1495077327437546
50,0.156,-1.0,1.151120702369202
50,0.309,-1.0,1.165065198236758
50,0.454,-1.0,1.1665351857461146
50,0.588,-1.0,1.1156481480522265
50,0.707,-1.0,1.1165131802997295
50,0.809,-1.0,1.1335669683612564
50,0.891,-1.0,1.1340651016388839
50,0.951,-1.0,1.1351242775433037
50,0.988,-1.0,1.1353392068331996
50,1.0,-1.0,1.1356341957181697
50,-1.0,-0.988,1.1487493484328455
50,-0.988,-0.988,1.148618297438854
50,-0.951,-0.988,1.1495673467004268
50,-0.891,-0.988,1.1498840859396555
50,-0.809,-0.988,1.1512620402255933
50,-0.707,-0.988,1.1522428963440776
50,-0.588,-0.988,1.1534311153284627
50,-0.454,-0.988,1.155027779888067
50,-0.309,-0.988,1.1562375021459936
50,-0.156,-0.988,1.151113578447939
50,0.0,-0.988,1.1518684247846416
50,0.156,-0.988,1.1522788181305896
50,0.309,-0.988,1.1653146347390053
50,0.454,-0.988,1.1653229450825728
50,0.588,-0.988,1.117355267119044
50,0.707,-0.988,1.1182684052132754
50,0.809,-0.988,1.1353128088655478
50,0.891,-0.988,1.1358604240847885
50,0.951,-0.988,1.136827295131813
50,0.988,-0.988,1.1377570410038873
50,1.0,-0.988,1.1375154984873828
50,-1.0,-0.951,1.1500966355820565
50,-0.988,-0.951,1.1505643787670972
50,-0.951,-0.951,1.1506689266863805
50,-0.891,-0.951,1.1519837837983098
50,-0.809,-0.951,1.1517001323920746
50,-0.707,-0.951,1.1540011661369112
50,-0.588,-0.951,1.1554445967000377
50,-0.454,-0.951,1.1568070725822641
50,-0.309,-0.951,1.1574402413744744
50,-0.156,-0.951,1.1514587069995361
50,0.0,-0.951,1.1525501995193794
50,0.156,-0.951,1.154422337112364
50,0.309,-0.951,1.16686177094306
50,0.454,-0.951,1.1683936483790331
50,0.588,-0.951,1.1185264038836087
50,0.707,-0.951,1.1199700375659234
50,0.809,-0.951,1.1362602639878567
50,0.891,-0.951,1.1369348716231316
50,0.951,-0.951,1.1382218523640852
50,0.988,-0.951,1.1380702194798622
50,1.0,-0.951,1.1389600260553672
50,-1.0,-0.891,1.1521537601410525
50,-0.988,-0.891,1.1519348773151261
50,-0.951,-0.891,1.151986328151294
50,-0.891,-0.891,1.15297454576629
50,-0.809,-0.891,1.1539879752779933
50,-0.707,-0.891,1.1561536450712937
50,-0.588,-0.891,1.1563874670167562
50,-0.454,-0.891,1.1568062764309188
50,-0.309,-0.891,1.1582569089712758
50,-0.156,-0.891,1.153546244250402
50,0.0,-0.891,1.153438560962617
50,0.156,-0.891,1.1555278242150546
50,0.309,-0.891,1.1683142789803465
50,0.454,-0.891,1.1677327803566901
50,0.588,-0.891,1.1201870773109055
50,0.707,-0.891,1.1215920292228156
50,0.809,-0.891,1.1378330442000597
50,0.891,-0.891,1.1385700608905658
50,0.951,-0.891,1.13848713467451
50,0.988,-0.891,1.140146797336126
50,1.0,-0.891,1.1399018446853029
50,-1.0,-0.809,1.1533494853636146
50,-0.988,-0.809,1.1530930285982568
50,-0.951,-0.809,1.1523829392721403
50,-0.891,-0.809,1.1547105579586885
50,-0.809,-0.809,1.1550358882042795
50,-0.707,-0.809,1.1562254878000422
50,-0.588,-0.809,1.1572232494558694
50,-0.454,-0.809,1.1572461003816734
50,-0.309,-0.809,1.1590485147142637
50,-0.156,-0.809,1.154587681287545
50,0.0,-0.809,1.15504667346383
50,0.156,-0.809,1.1566045256660726
50,0.309,-0.809,1.166549193195545
50,0.454,-0.809,1.168449290740168
50,0.588,-0.809,1.1217990417086643
50,0.707,-0.809,1.1225923618738443
50,0.809,-0.809,1.1401410012098512
50,0.891,-0.809,1.1403084102624483
50,0.951,-0.809,1.1409514153160363
50,0.988,-0.809,1.1410816489627655
50,1.0,-0.809,1.1414240001086744
50,-1.0,-0.707,1.1548317872796583
50,-0.988,-0.707,1.15483471234291
50,-0.951,-0.707,1.154683603337773
50,-0.891,-0.707,1.155703986154609
50,-0.809,-0.707,1.1563300638751022
50,-0.707,-0.707,1.1567839486399145
50,-0.588,-0.707,1.158313564300631
50,-0.454,-0.707,1.1575270161209164
50,-0.309,-0.707,1.159495819068017
50,-0.156,-0.707,1.1543756229214497
50,0.0,-0.707,1.1556331076020046
50,0.156,-0.707,1.1575027331166992
50,0.309,-0.707,1.165440648004382
50,0.454,-0.707,1.1675694502875589
50,0.588,-0.707,1.1230356707981788
50,0.707,-0.707,1.124491939572498
50,0.809,-0.707,1.1403636088181575
50,0.891,-0.707,1.1416643574927379
50,0.951,-0.707,1.1420296363251712
50,0.988,-0.707,1.1422191107078195
50,1.0,-0.707,1.1425271161727928
50,-1.0,-0.588,1.1553958183937154
50,-0.988,-0.588,1.1555464566023632
50,-0.951,-0.588,1.1558182514705266
50,-0.891,-0.588,1.1567169830935697
50,-0.809,-0.588,1.156945701424334
50,-0.707,-0.588,1.1564170279707966
50,-0.588,-0.588,1.1572671909727557
50,-0.454,-0.588,1.1578692709060943
50,-0.309,-0.588,1.1589931158598252
50,-0.156,-0.588,1.1544813530167948
50,0.0,-0.588,1.155901642081772
50,0.156,-0.588,1.1575743473232674
50,0.309,-0.588,1.1651971812135904
50,0.454,-0.588,1.1653783371986441
50,0.588,-0.588,1.1254682524901487
50,0.707,-0.588,1.1265910398332597
50,0.809,-0.588,1.1414891616777432
50,0.891,-0.588,1.142619788035729
50,0.951,-0.588,1.1429080902955504
50,0.988,-0.588,1.143498136280997
50,1.0,-0.588,1.142769832732508
50,-1.0,-0.454,1.1551918347620487
50,-0.988,-0.454,1.1556460481761313
50,-0.951,-0.454,1.156320634676444
50,-0.891,-0.454,1.1566977449112417
50,-0.809,-0.454,1.1569837897738295
50,-0.707,-0.454,1.1554329320320302
50,-0.588,-0.454,1.156891594208065
50,-0.454,-0.454,1.1573093359428062
50,-0.309,-0.454,1.1587253755078197
50,-0.156,-0.454,1.1545515162931073
50,0.0,-0.454,1.15605400737701
50,0.156,-0.454,1.1571826937534353
50,0.309,-0.454,1.1639947377029978
50,0.454,-0.454,1.1663819079775275
50,0.588,-0.454,1.127242280064015
50,0.707,-0.454,1.1290927512706892
50,0.809,-0.454,1.1428345351803824
50,0.891,-0.454,1.1438172695642828
50,0.951,-0.454,1.1446990585984549
50,0.988,-0.454,1.144932360689555
50,1.0,-0.454,1.144877979631357
50,-1.0,-0.309,1.1542850288165243
50,-0.988,-0.309,1.1541777488790015
50,-0.951,-0.309,1.1542914775836635
50,-0.891,-0.309,1.1555392593818181
50,-0.809,-0.309,1.1558726817937175
50,-0.707,-0.309,1.1542962939849364
50,-0.588,-0.309,1.1553003444540326
50,-0.454,-0.309,1.1564751187058209
50,-0.309,-0.309,1.1572661744291168
50,-0.156,-0.309,1.1540262454167143
50,0.0,-0.309,1.1558050512021716
50,0.156,-0.309,1.1572614968044745
50,0.309,-0.309,1.1624364729136247
50,0.454,-0.309,1.1641632111464522
50,0.588,-0.309,1.1296120201321913
50,0.707,-0.309,1.131030518224704
50,0.809,-0.309,1.1444601038941982
50,0.891,-0.309,1.1445574553649407
50,0.951,-0.309,1.1450251037903418
50,0.988,-0.309,1.146168510954726
50,1.0,-0.309,1.1459698614172849
50,-1.0,-0.156,1.152904805997598
50,-0.988,-0.156,1.1528880418911087
50,-0.951,-0.156,1.1529001078457162
50,-0.891,-0.156,1.1540040717715494
50,-0.809,-0.156,1.1546123504428745
50,-0.707,-0.156,1.153624227250112
50,-0.588,-0.156,1.154809907198886
50,-0.454,-0.156,1.1542319433076549
50,-0.309,-0.156,1.1558070193324452
50,-0.156,-0.156,1.153643042529752
50,0.0,-0.156,1.1550037175182513
50,0.156,-0.156,1.1568488831652957
50,0.309,-0.156,1.1601608707885234
50,0.454,-0.156,1.1627981807719536
50,0.588,-0.156,1.1322042285731397
50,0.707,-0.156,1.132772068159219
50,0.809,-0.156,1.1445969062077137
50,0.891,-0.156,1.1455166456288515
50,0.951,-0.156,1.1460047014280246
50,0.988,-0.156,1.1473049597650615
50,1.0,-0.156,1.1466367271679425
50,-1.0,0.0,1.1506440407575578
50,-0.988,0.0,1.1505245923808542
50,-0.951,0.0,1.1508818936033192
50,-0.891,0.0,1.1516857787331467
50,-0.809,0.0,1.1530332475577283
50,-0.707,0.0,1.152282047167539
50,-0.588,0.0,1.1533677648176923
50,-0.454,0.0,1.1525252299541562
50,-0.309,0.0,1.1531699809996863
50,-0.156,0.0,1.1512865536986885
50,0.0,0.0,1.1539214785727734
50,0.156,0.0,1.1553179129125934
50,0.309,0.0,1.1583632292453891
50,0.454,0.0,1.1591128979072247
50,0.588,0.0,1.1344540880510912
50,0.707,0.0,1.1360665940864818
50,0.809,0.0,1.1464397836949163
50,0.891,0.0,1.14672824229476
50,0.951,0.0,1.1477024655070729
50,0.988,0.0,1.1475987705370592
50,1.0,0.0,1.148361191692059
50,-1.0,0.156,1.1492762263198164
50,-0.988,0.156,1.1492913825223523
50,-0.951,0.156,1.1497674616023659
50,-0.891,0.156,1.15040791657799
50,-0.809,0.156,1.1513866066158556
50,-0.707,0.156,1.1507972142230032
50,-0.588,0.156,1.1519936511392894
50,-0.454,0.156,1.1500623217133066
50,-0.309,0.156,1.1515669775978674
50,-0.156,0.156,1.1499041049573315
50,0.0,0.156,1.1523565426530749
50,0.156,0.156,1.1547438681540352
50,0.309,0.156,1.1573460232396466
50,0.454,0.156,1.1577946664009362
50,0.588,0.156,1.1376412636857511
50,0.707,0.156,1.1386270081115004
50,0.809,0.156,1.1471463546692178
50,0.891,0.156,1.1485626995613365
50,0.951,0.156,1.1489899064777302
50,0.988,0.156,1.1493280086687243
50,1.0,0.156,1.1496159451747279
50,-1.0,0.309,1.1484685575038938
50,-0.988,0.309,1.148037139992354
50,-0.951,0.309,1.1484368420905595
50,-0.891,0.309,1.1487207112942412
50,-0.809,0.309,1.1496927154618661
50,-0.707,0.309,1.1475834518883858
50,-0.588,0.309,1.149021888336149
50,-0.454,0.309,1.1469682012334066
50,-0.309,0.309,1.148444566994637
50,-0.156,0.309,1.147011834812197
50,0.0,0.309,1.150675670207508
50,0.156,0.309,1.1522646071476492
50,0.309,0.309,1.1552622345945849
50,0.454,0.309,1.1578438743443937
50,0.588,0.309,1.1396971452702416
50,0.707,0.309,1.140688946895829
50,0.809,0.309,1.148434710942243
50,0.891,0.309,1.149190615575245
50,0.951,0.309,1.1496760468133045
50,0.988,0.309,1.1500156156764907
50,1.0,0.309,1.1499016596223837
50,-1.0,0.454,1.1469800691428764
50,-0.988,0.454,1.1468657127119952
50,-0.951,0.454,1.14709283569676
50,-0.891,0.454,1.1480931679326134
50,-0.809,0.454,1.1483382571293088
50,-0.707,0.454,1.1444685971890012
50,-0.588,0.454,1.1459418921702154
50,-0.454,0.454,1.1443099234294303
50,-0.309,0.454,1.1459943423208399
50,-0.156,0.454,1.1453278155823539
50,0.0,0.454,1.148521559042006
50,0.156,0.454,1.150221914063901
50,0.309,0.454,1.153389564874453
50,0.454,0.454,1.1543044994170153
50,0.588,0.454,1.1420061090792235
50,0.707,0.454,1.144105672772219
50,0.809,0.454,1.1491803246562837
50,0.891,0.454,1.1508884072216115
50,0.951,0.454,1.1510120876927619
50,0.988,0.454,1.151436999808962
50,1.0,0.454,1.1514294386570822
50,-1.0,0.588,1.1446236600886925
50,-0.988,0.588,1.1454824317069496
50,-0.951,0.588,1.1453819551313378
50,-0.891,0.588,1.1462440488777448
50,-0.809,0.588,1.1468637341422838
50,-0.707,0.588,1.1408917515001524
50,-0.588,0.588,1.1427040629501866
50,-0.454,0.588,1.140928589096712
50,-0.309,0.588,1.1418476149910044
50,-0.156,0.588,1.14204119316486
50,0.0,0.588,1.1462491498786713
50,0.156,0.588,1.1476422231776775
50,0.309,0.588,1.1505151682757464
50,0.454,0.588,1.152069007492656
50,0.588,0.588,1.14512167805105
50,0.707,0.588,1.1458980489997577
50,0.809,0.588,1.1502507289532118
50,0.891,0.588,1.1510019410051944
50,0.951,0.588,1.1509215269696382
50,0.988,0.588,1.151498132716835
50,1.0,0.588,1.1515841971416698
50,-1.0,0.707,1.1430684095888823
50,-0.988,0.707,1.1428130108085672
50,-0.951,0.707,1.1428625492481483
50,-0.891,0.707,1.1438789392155657
50,-0.809,0.707,1.144591340628766
50,-0.707,0.707,1.1388016985566842
50,-0.588,0.707,1.1400750770359442
50,-0.454,0.707,1.1374456289282522
50,-0.309,0.707,1.1388079441816013
50,-0.156,0.707,1.1394746496842356
50,0.0,0.707,1.1432422267237052
50,0.156,0.707,1.1452828705321003
50,0.309,0.707,1.1495880669722127
50,0.454,0.707,1.1503310821456507
50,0.588,0.707,1.1467173530329167
50,0.707,0.707,1.1489769869652935
50,0.809,0.707,1.1500422999106228
50,0.891,0.707,1.15112859793324
50,0.951,0.707,1.1514480837504215
50,0.988,0.707,1.1519003338729576
50,1.0,0.707,1.1518950731263566
50,-1.0,0.809,1.14082042374703
50,-0.988,0.809,1.1409468570032952
50,-0.951,0.809,1.1407520128955169
50,-0.891,0.809,1.142032554478459
50,-0.809,0.809,1.142520700962835
50,-0.707,0.809,1.1356199228620414
50,-0.588,0.809,1.136178255471804
50,-0.454,0.809,1.133583587856323
50,-0.309,0.809,1.13535168718938
50,-0.156,0.809,1.136823517086846
50,0.0,0.809,1.1412685525149413
50,0.156,0.809,1.143103062997482
50,0.309,0.809,1.148593404315435
50,0.454,0.809,1.1495531791882767
50,0.588,0.809,1.1491630656354848
50,0.707,0.809,1.1501040052419018
50,0.809,0.809,1.1499163782740818
50,0.891,0.809,1.1507352447328483
50,0.951,0.809,1.1509060561485887
50,0.988,0.809,1.1511824703555917
50,1.0,0.809,1.1514209031732334
50,-1.0,0.891,1.1381857092355812
50,-0.988,0.891,1.1385020097280454
50,-0.951,0.891,1.139071400076098
50,-0.891,0.891,1.1391151808046123
50,-0.809,0.891,1.1401163410294988
50,-0.707,0.891,1.1330954745753414
50,-0.588,0.891,1.1342430326161645
50,-0.454,0.891,1.1306258804484823
50,-0.309,0.891,1.132412198469399
50,-0.156,0.891,1.1337340112178114
50,0.0,0.891,1.1390581710319811
50,0.156,0.891,1.1397732110370853
50,0.309,0.891,1.1468483841744694
50,0.454,0.891,1.1478538029946967
50,0.588,0.891,1.150417670688766
50,0.707,0.891,1.151751646085708
50,0.809,0.891,1.1493547153420112
50,0.891,0.891,1.1502746450594963
50,0.951,0.891,1.15110243550384
50,0.988,0.891,1.1510949193848865
50,1.0,0.891,1.1515786445396932
50,-1.0,0.951,1.1363713869255996
50,-0.988,0.951,1.1362759945411591
50,-0.951,0.951,1.1360979855863604
50,-0.891,0.951,1.1374685761337866
50,-0.809,0.951,1.1383525866087736
50,-0.707,0.951,1.130716851998576
50,-0.588,0.951,1.1320703875940632
50,-0.454,0.951,1.1278261070227118
50,-0.309,0.951,1.1290758168854722
50,-0.156,0.951,1.1315967156665312
50,0.0,0.951,1.1358166152312443
50,0.156,0.951,1.1382838127468091
50,0.309,0.951,1.1448758167211834
50,0.454,0.951,1.1470322570920533
50,0.588,0.951,1.1507258081907503
50,0.707,0.951,1.1520957628433832
50,0.809,0.951,1.1482128448453104
50,0.891,0.951,1.149707517630653
50,0.951,0.951,1.1503631021104797
50,0.988,0.951,1.1507310665396349
50,1.0,0.951,1.1509916282581034
50,-1.0,0.988,1.1334012858788056
50,-0.988,0.988,1.133920908512373
50,-0.951,0.988,1.1345683445630146
50,-0.891,0.988,1.1343905584771918
50,-0.809,0.988,1.1354176838212562
50,-0.707,0.988,1.1289949602061224
50,-0.588,0.988,1.1297181551481759
50,-0.454,0.988,1.1252508428149968
50,-0.309,0.988,1.1266193897393053
50,-0.156,0.988,1.129344511452647
50,0.0,0.988,1.1335375764734932
50,0.156,0.988,1.1354640157320106
50,0.309,0.988,1.143790289149928
50,0.454,0.988,1.1455131502013556
50,0.588,0.988,1.1503143157848912
50,0.707,0.988,1.1517816757732529
50,0.809,0.988,1.147681133276345
50,0.891,0.988,1.1493177954110072
50,0.951,0.988,1.1489702049912858
50,0.988,0.988,1.1496871276806409
50,1.0,0.988,1.1499420050385112
50,-1.0,1.0,1.1321609725255153
50,-0.988,1.0,1.1315659110155774
50,-0.951,1.0,1.1323353466754942
50,-0.891,1.0,1.1329467830085769
50,-0.809,1.0,1.133837008992269
50,-0.707,1.0,1.1272914038538735
50,-0.588,1.0,1.127981693994261
50,-0.454,1.0,1.1240355316629544
50,-0.309,1.0,1.1251254734508587
50,-0.156,1.0,1.1272640624356145
50,0.0,1.0,1.1319389776749706
50,0.156,1.0,1.1340328698358555
50,0.309,1.0,1.1420657480926382
50,0.454,1.0,1.1436258144876636
50,0.588,1.0,1.1494873033714519
50,0.707,1.0,1.1507788539996242
50,0.809,1.0,1.1470733356382483
50,0.891,1.0,1.1472139409605726
50,0.951,1.0,1.1483628220415063
50,0.988,1.0,1.1490249447473195
50,1.0,1.0,1.1483860642597887
51,-1.0,-1.0,1.30551885307409
51,-0.988,-1.0,1.306473783510581
51,-0.951,-1.0,1.3067239870775986
51,-0.891,-1.0,1.3077878788497534
51,-0.809,-1.0,1.3080274679294073
51,-0.707,-1.0,1.3075896235046438
51,-0.588,-1.0,1.3092770657413046
51,-0.454,-1.0,1.3073901846127496
51,-0.309,-1.0,1.3095991881263351
51,-0.156,-1.0,1.306996425193139
51,0.0,-1.0,1.318135740812419
51,0.156,-1.0,1.3195485463625298
51,0.309,-1.0,1.3126002295433625
51,0.454,-1.0,1.3140230667526591
51,0.588,-1.0,1.2627352654972435
51,0.707,-1.0,1.26371377304997
51,0.809,-1.0,1.2868414963434696
51,0.891,-1.0,1.2882438198076418
51,0.951,-1.0,1.2892371035685641
51,0.988,-1.0,1.2897000487977035
51,1.0,-1.0,1.2888167551724683
51,-1.0,-0.988,1.3080173038414882
51,-0.988,-0.988,1.3080672742959811
51,-0.951,-0.988,1.309041810070135
51,-0.891,-0.988,1.30964992636079
51,-0.809,-0.988,1.3102277138260816
51,-0.707,-0.988,1.3088977937959774
51,-0.588,-0.988,1.3106148004659017
51,-0.454,-0.988,1.3090682104076776
51,-0.309,-0.988,1.3107907916328057
51,-0.156,-0.988,1.30847132836921
51,0.0,-0.988,1.3199005454949113
51,0.156,-0.988,1.3205624805783345
51,0.309,-0.988,1.3145765564604142
51,0.454,-0.988,1.315375552393415
51,0.588,-0.988,1.2651879411456484
51,0.707,-0.988,1.2669099864502487
51,0.809,-0.988,1.2888184637095146
51,0.891,-0.988,1.2899344536318815
51,0.951,-0.988,1.2897911540594829
51,0.988,-0.988,1.2905457361102401
51,1.0,-0.988,1.2909987921360988
51,-1.0,-0.951,1.309608884376968
51,-0.988,-0.951,1.3093974304576408
51,-0.951,-0.951,1.3096797923805084
51,-0.891,-0.951,1.31012567823969
51,-0.809,-0.951,1.3119542114194067
51,-0.707,-0.951,1.3102904394938788
51,-0.588,-0.951,1.3115610762556218
51,-0.454,-0.951,1.3096437056382841
51,-0.309,-0.951,1.3114085930129338
51,-0.156,-0.951,1.3090621810513057
51,0.0,-0.951,1.3207945393561056
51,0.156,-0.951,1.3215741265390697
51,0.309,-0.951,1.315356697478804
51,0.454,-0.951,1.3175464364238718
51,0.588,-0.951,1.267073967718982
51,0.707,-0.951,1.2670921151983103
51,0.809,-0.951,1.290234319933304
51,0.891,-0.951,1.2910997540550022
51,0.951,-0.951,1.2928354915158786
51,0.988,-0.951,1.292174222298154
51,1.0,-0.951,1.291979837809393
51,-1.0,-0.891,1.311105843015451
51,-0.988,-0.891,1.311104308815937
51,-0.951,-0.891,1.3114669765039633
51,-0.891,-0.891,1.3125086776876278
51,-0.809,-0.891,1.3125110025057574
51,-0.707,-0.891,1.310181017680116
51,-0.588,-0.891,1.3117101512057523
51,-0.454,-0.891,1.3095270157988719
51,-0.309,-0.891,1.3120899554699486
51,-0.156,-0.891,1.3101281229790116
51,0.0,-0.891,1.3210492622111203
51,0.156,-0.891,1.3226591651341237
51,0.309,-0.891,1.3165851400936055
51,0.454,-0.891,1.3169190354078901
51,0.588,-0.891,1.2690218214830185
51,0.707,-0.891,1.2702189788035871
51,0.809,-0.891,1.2926083050341142
51,0.891,-0.891,1.2922759607342578
51,0.951,-0.891,1.2942990861403214
51,0.988,-0.891,1.294511975493603
51,1.0,-0.891,1.2933888256629404
51,-1.0,-0.809,1.312165739695127
51,-0.988,-0.809,1.3122672870400764
51,-0.951,-0.809,1.31329250216655
51,-0.891,-0.809,1.3135257911638363
51,-0.809,-0.809,1.313954054185271
51,-0.707,-0.809,1.3097783112055654
51,-0.588,-0.809,1.310732242316048
51,-0.454,-0.809,1.3094144256130904
51,-0.309,-0.809,1.3113640831882791
51,-0.156,-0.809,1.3106147621777877
51,0.0,-0.809,1.3213882111890152
51,0.156,-0.809,1.3232925469450498
51,0.309,-0.809,1.3159965465002328
51,0.454,-0.809,1.3177643824782619
51,0.588,-0.809,1.2712167622966988
51,0.707,-0.809,1.2725732186151306
51,0.809,-0.809,1.2927752249927045
51,0.891,-0.809,1.2944490987440795
51,0.951,-0.809,1.2949392508246353
51,0.988,-0.809,1.2954145384298505
51,1.0,-0.809,1.2949276881365923
51,-1.0,-0.707,1.31235016181372
51,-0.988,-0.707,1.312660290371229
51,-0.951,-0.707,1.3132719595138724
51,-0.891,-0.707,1.3137769862068105
51,-0.809,-0.707,1.3147231509705444
51,-0.707,-0.707,1.3082000929781115
51,-0.588,-0.707,1.3091150023004747
51,-0.454,-0.707,1.309017793782907
51,-0.309,-0.707,1.3102345445138024
51,-0.156,-0.707,1.310767273693295
51,0.0,-0.707,1.3214300499242824
51,0.156,-0.707,1.3233734196423301
51,0.309,-0.707,1.3161614806835422
51,0.454,-0.707,1.3176152198832691
51,0.588,-0.707,1.2729308015992529
51,0.707,-0.707,1.2742319350046514
51,0.809,-0.707,1.2943429956806005
51,0.891,-0.707,1.2952783794831262
51,0.951,-0.707,1.2959860662456775
51,0.988,-0.707,1.2965185706689453
51,1.0,-0.707,1.296266895408825
51,-1.0,-0.588,1.3120442547556446
51,-0.988,-0.588,1.3114703744936878
51,-0.951,-0.588,1.3120580313580716
51,-0.891,-0.588,1.3131084484315843
51,-0.809,-0.588,1.3145291404489539
51,-0.707,-0.588,1.306484030019216
51,-0.588,-0.588,1.3077804040623517
51,-0.454,-0.588,1.3090297095759351
51,-0.309,-0.588,1.3102690946058144
51,-0.156,-0.588,1.3101042074091211
51,0.0,-0.588,1.321288948224696
51,0.156,-0.588,1.3215686478747921
51,0.309,-0.588,1.3166925264014373
51,0.454,-0.588,1.317051000309338
51,0.588,-0.588,1.2757030368927595
51,0.707,-0.588,1.2767591470062734
51,0.809,-0.588,1.2954283415667842
51,0.891,-0.588,1.2971466937105278
51,0.951,-0.588,1.2973029913072378
51,0.988,-0.588,1.2975014912119947
51,1.0,-0.588,1.2988682181509676
51,-1.0,-0.454,1.30849349732902
51,-0.988,-0.454,1.308844146090549
51,-0.951,-0.454,1.3098179319222203
51,-0.891,-0.454,1.3099295428050466
51,-0.809,-0.454,1.3109342187777961
51,-0.707,-0.454,1.3040296813286227
51,-0.588,-0.454,1.305031296395515
51,-0.454,-0.454,1.3080182427675984
51,-0.309,-0.454,1.3091034624138407
51,-0.156,-0.454,1.3107337767497012
51,0.0,-0.454,1.3191600785350541
51,0.156,-0.454,1.320765497647032
51,0.309,-0.454,1.317609653310293
51,0.454,-0.454,1.3175778113432033
51,0.588,-0.454,1.278021739721761
51,0.707,-0.454,1.2789065569382958
51,0.809,-0.454,1.297443658327399
51,0.891,-0.454,1.2980553566990565
51,0.951,-0.454,1.2983602599255917
51,0.988,-0.454,1.299086261620844
51,1.0,-0.454,1.2991123819460986
51,-1.0,-0.309,1.3047767997975657
51,-0.988,-0.309,1.305947351665695
51,-0.951,-0.309,1.3054215465566827
51,-0.891,-0.309,1.3064374802930434
51,-0.809,-0.309,1.3069320638715445
51,-0.707,-0.309,1.303321749288956
51,-0.588,-0.309,1.304223963168517
51,-0.454,-0.309,1.3074123207230155
51,-0.309,-0.309,1.3091691273547053
51,-0.156,-0.309,1.3106621977384456
51,0.0,-0.309,1.3171961759970499
51,0.156,-0.309,1.3184435993557968
51,0.309,-0.309,1.3140327298959371
51,0.454,-0.309,1.3162876847121763
51,0.588,-0.309,1.2812298342178656
51,0.707,-0.309,1.2826377954344814
51,0.809,-0.309,1.2981131172834275
51,0.891,-0.309,1.2996926015637031
51,0.951,-0.309,1.3007555526949772
51,0.988,-0.309,1.3002668889877116
51,1.0,-0.309,1.3006470556194791
51,-1.0,-0.156,1.302359307983486
51,-0.988,-0.156,1.3019183592529688
51,-0.951,-0.156,1.302934622612979
51,-0.891,-0.156,1.3036225751541044
51,-0.809,-0.156,1.3049176524834618
51,-0.707,-0.156,1.3015910552916015
51,-0.588,-0.156,1.302088065521855
51,-0.454,-0.156,1.3073224604207028
51,-0.309,-0.156,1.308767807032868
51,-0.156,-0.156,1.3103897884595752
51,0.0,-0.156,1.314633274595264
51,0.156,-0.156,1.3162037491961294
51,0.309,-0.156,1.3132534002969927
51,0.454,-0.156,1.3157838768399222
51,0.588,-0.156,1.2848447933926366
51,0.707,-0.156,1.2861432309226668
51,0.809,-0.156,1.3002736160393524
51,0.891,-0.156,1.3019681411020856
51,0.951,-0.156,1.3024460312383956
51,0.988,-0.156,1.3025789074937841
51,1.0,-0.156,1.3024728960867877
51,-1.0,0.0,1.3004636317674134
51,-0.988,0.0,1.2995921467449911
51,-0.951,0.0,1.3006416765678817
51,-0.891,0.0,1.3016216300833725
51,-0.809,0.0,1.3017327481442569
51,-0.707,0.0,1.3009285040108864
51,-0.588,0.0,1.3019832178121724
51,-0.454,0.0,1.3059686627245781
51,-0.309,0.0,1.3075894510968677
51,-0.156,0.0,1.3059924299770043
51,0.0,0.0,1.3106736693252063
51,0.156,0.0,1.3125196790475018
51,0.309,0.0,1.3129277698253685
51,0.454,0.0,1.3135438312396663
51,0.588,0.0,1.2876120499564587
51,0.707,0.0,1.2896485654124625
51,0.809,0.0,1.301946721817627
51,0.891,0.0,1.302388218076929
51,0.951,0.0,1.3036057087723483
51,0.988,0.0,1.3034184966623779
51,1.0,0.0,1.3037967296815938
51,-1.0,0.156,1.2980624215557912
51,-0.988,0.156,1.2988392663436388
51,-0.951,0.156,1.2984161286087277
51,-0.891,0.156,1.2982028747484287
51,-0.809,0.156,1.299999130693008
51,-0.707,0.156,1.3000256609746526
51,-0.588,0.156,1.300647696589354
51,-0.454,0.156,1.3039112359615308
51,-0.309,0.156,1.3050602757928282
51,-0.156,0.156,1.3030200695321346
51,0.0,0.156,1.3070386412735697
51,0.156,0.156,1.308318049800786
51,0.309,0.156,1.310608401801588
51,0.454,0.156,1.311511051034264
51,0.588,0.156,1.2909451175183022
51,0.707,0.156,1.2932031981373198
51,0.809,0.156,1.3031701215006404
51,0.891,0.156,1.303957359350404
51,0.951,0.156,1.3042855287533053
51,0.988,0.156,1.304739835967185
51,1.0,0.156,1.3047017299618755
51,-1.0,0.309,1.29628030779047
51,-0.988,0.309,1.296501720795595
51,-0.951,0.309,1.2972746765749519
51,-0.891,0.309,1.2972209540267994
51,-0.809,0.309,1.2979798617517875
51,-0.707,0.309,1.2986278635990285
51,-0.588,0.309,1.3003645991768116
51,-0.454,0.309,1.2993647835257403
51,-0.309,0.309,1.3012780100922314
51,-0.156,0.309,1.2978639175467053
51,0.0,0.309,1.3019960588182995
51,0.156,0.309,1.3037495773080312
51,0.309,0.309,1.3086051526142828
51,0.454,0.309,1.3091742479716393
51,0.588,0.309,1.2948471657665983
51,0.707,0.309,1.297063924249606
51,0.809,0.309,1.3040827975452753
51,0.891,0.309,1.3039906878439793
51,0.951,0.309,1.3057923840357453
51,0.988,0.309,1.3052026253923978
51,1.0,0.309,1.3054064842747368
51,-1.0,0.454,1.2946512352149722
51,-0.988,0.454,1.2956713641069946
51,-0.951,0.454,1.2961857490268525
51,-0.891,0.454,1.2963167070777786
51,-0.809,0.454,1.2973432127926046
51,-0.707,0.454,1.2972395015119804
51,-0.588,0.454,1.2986985163961509
51,-0.454,0.454,1.295001324481336
51,-0.309,0.454,1.2966262054000486
51,-0.156,0.454,1.293619184161345
51,0.0,0.454,1.2960772299375276
51,0.156,0.454,1.2994945186063964
51,0.309,0.454,1.3072297908704662
51,0.454,0.454,1.3081908657692372
51,0.588,0.454,1.2985565547444589
51,0.707,0.454,1.2996937821973966
51,0.809,0.454,1.3052402974948998
51,0.891,0.454,1.3059141020999376
51,0.951,0.454,1.3065611106367663
51,0.988,0.454,1.30624162783784
51,1.0,0.454,1.306977242279693
51,-1.0,0.588,1.2935289665850143
51,-0.988,0.588,1.2936087684371882
51,-0.951,0.588,1.2951388498017053
51,-0.891,0.588,1.295499253479635
51,-0.809,0.588,1.2953851681696065
51,-0.707,0.588,1.2953663324736724
51,-0.588,0.588,1.296800295687088
51,-0.454,0.588,1.2896596668060853
51,-0.309,0.588,1.2911571370060089
51,-0.156,0.588,1.2905679144626427
51,0.0,0.588,1.2910873201863025
51,0.156,0.588,1.2925752181045056
51,0.309,0.588,1.304642740452346
51,0.454,0.588,1.306412536703597
51,0.588,0.588,1.3027251999923644
51,0.707,0.588,1.3035834274286884
51,0.809,0.588,1.305942179337327
51,0.891,0.588,1.3071917932125203
51,0.951,0.588,1.3069973686508276
51,0.988,0.588,1.3074617826632056
51,1.0,0.588,1.307452831492668
51,-1.0,0.707,1.2924199023769765
51,-0.988,0.707,1.2926842234788745
51,-0.951,0.707,1.292257168666428
51,-0.891,0.707,1.2940372565820277
51,-0.809,0.707,1.2944135381249737
51,-0.707,0.707,1.2921784576496562
51,-0.588,0.707,1.2942147084706894
51,-0.454,0.707,1.2858080335639068
51,-0.309,0.707,1.2865739130013676
51,-0.156,0.707,1.286726520180223
51,0.0,0.707,1.286058014197056
51,0.156,0.707,1.2871089362159278
51,0.309,0.707,1.3029054344676154
51,0.454,0.707,1.3045178865415301
51,0.588,0.707,1.3053592752131025
51,0.707,0.707,1.3063500034418905
51,0.809,0.707,1.3057713812496425
51,0.891,0.707,1.3065478456386788
51,0.951,0.707,1.3082140090148846
51,0.988,0.707,1.3080730005669396
51,1.0,0.707,1.3082340865479494
51,-1.0,0.809,1.2905539866771574
51,-0.988,0.809,1.2915476839812887
51,-0.951,0.809,1.2917320903424185
51,-0.891,0.809,1.2928894155945125
51,-0.809,0.809,1.2934142053259523
51,-0.707,0.809,1.2880524008709344
51,-0.588,0.809,1.2896526118662746
51,-0.454,0.809,1.2812722325979724
51,-0.309,0.809,1.2832999790275181
51,-0.156,0.809,1.2848886709934633
51,0.0,0.809,1.2811401006996113
51,0.156,0.809,1.2826032805067349
51,0.309,0.809,1.3012305107414348
51,0.454,0.809,1.3023225563361762
51,0.588,0.809,1.308538249225927
51,0.707,0.809,1.3088942376621122
51,0.809,0.809,1.305584094849343
51,0.891,0.809,1.3064866230398322
51,0.951,0.809,1.307328527984427
51,0.988,0.809,1.308558580173199
51,1.0,0.809,1.308551416887345
51,-1.0,0.891,1.2900089467334523
51,-0.988,0.891,1.2895633682546837
51,-0.951,0.891,1.2902698247852404
51,-0.891,0.891,1.2906258830700112
51,-0.809,0.891,1.2916146964474313
51,-0.707,0.891,1.285783632868908
51,-0.588,0.891,1.286559033281778
51,-0.454,0.891,1.2779791660237139
51,-0.309,0.891,1.278950886690731
51,-0.156,0.891,1.2826827996638803
51,0.0,0.891,1.2764289053508833
51,0.156,0.891,1.2780555644739193
51,0.309,0.891,1.2996554019872344
51,0.454,0.891,1.300652786749017
51,0.588,0.891,1.3088394839070205
51,0.707,0.891,1.3101808633135805
51,0.809,0.891,1.305759139445866
51,0.891,0.891,1.3070044313685452
51,0.951,0.891,1.3071373854241215
51,0.988,0.891,1.3076959356827722
51,1.0,0.891,1.3078700753623818
51,-1.0,0.951,1.2881904036718586
51,-0.988,0.951,1.288757541437687
51,-0.951,0.951,1.2892608831898744
51,-0.891,0.951,1.2889383593038257
51,-0.809,0.951,1.2896840303233057
51,-0.707,0.951,1.2818046531971135
51,-0.588,0.951,1.282976849631205
51,-0.454,0.951,1.275227718789709
51,-0.309,0.951,1.2761029890254547
51,-0.156,0.951,1.2800115637644924
51,0.0,0.951,1.2724337672333257
51,0.156,0.951,1.2734991437401864
51,0.309,0.951,1.2983974068713067
51,0.454,0.951,1.300372627459391
51,0.588,0.951,1.3094252826683508
51,0.707,0.951,1.3113375128767006
51,0.809,0.951,1.3050642158781103
51,0.891,0.951,1.3060206777604078
51,0.951,0.951,1.3074121002924617
51,0.988,0.951,1.3078501961177358
51,1.0,0.951,1.3074342116801183
51,-1.0,0.988,1.286401180464513
51,-0.988,0.988,1.2866823742617506
51,-0.951,0.988,1.287741291268143
51,-0.891,0.988,1.2875111480644228
51,-0.809,0.988,1.2884890911341762
51,-0.707,0.988,1.2788843324029315
51,-0.588,0.988,1.2803730722916586
51,-0.454,0.988,1.2729355190886913
51,-0.309,0.988,1.274690156411948
51,-0.156,0.988,1.2778977917205288
51,0.0,0.988,1.2690264767787427
51,0.156,0.988,1.2709273415324558
51,0.309,0.988,1.295870612427248
51,0.454,0.988,1.297579189752466
51,0.588,0.988,1.3091511821010906
51,0.707,0.988,1.3116044117967485
51,0.809,0.988,1.3047632078384908
51,0.891,0.988,1.3047100664078723
51,0.951,0.988,1.3063527376552782
51,0.988,0.988,1.3060614881999577
51,1.0,0.988,1.3064214701014263
51,-1.0,1.0,1.2849472436994083
51,-0.988,1.0,1.2854675477687316
51,-0.951,1.0,1.2860689737421713
51,-0.891,1.0,1.286288052982373
51,-0.809,1.0,1.2862075789070875
51,-0.707,1.0,1.2777580832102067
51,-0.588,1.0,1.2784600626335627
51,-0.454,1.0,1.2704914498784203
51,-0.309,1.0,1.2728507768442265
51,-0.156,1.0,1.2761878027845537
51,0.0,1.0,1.2669016065838838
51,0.156,1.0,1.2688980236184646
51,0.309,1.0,1.2946339404007159
51,0.454,1.0,1.2967503835621363
51,0.588,1.0,1.3089057891780547
51,0.707,1.0,1.3100612545795973
51,0.809,1.0,1.3031197997718218
51,0.891,1.0,1.3040312269273813
51,0.951,1.0,1.304182585077366
51,0.988,1.0,1.3049767438806237
51,1.0,1.0,1.3050839201590685
52,-1.0,-1.0,1.514652111924754
52,-0.988,-1.0,1.5133506242913108
52,-0.951,-1.0,1.5127073230034378
52,-0.891,-1.0,1.5134052198210566
52,-0.809,-1.0,1.517228101012549
52,-0.707,-1.0,1.5125393391173103
52,-0.588,-1.0,1.517932391389451
52,-0.454,-1.0,1.5140820971105837
52,-0.309,-1.0,1.5172978881723522
52,-0.156,-1.0,1.5126077772839417
52,0.0,-1.0,1.5217927960617854
52,0.156,-1.0,1.5234225968319641
52,0.309,-1.0,1.5278621540870325
52,0.454,-1.0,1.5284101364981058
52,0.588,-1.0,1.4609567077118695
52,0.707,-1.0,1.461910748161361
52,0.809,-1.0,1.441107686934517
52,0.891,-1.0,1.4458593418557668
52,0.951,-1.0,1.4453715655661463
52,0.988,-1.0,1.4415196108805066
52,1.0,-1.0,1.4403399887983463
52,-1.0,-0.988,1.515200545979215
52,-0.988,-0.988,1.5147132243697152
52,-0.951,-0.988,1.5138205903119704
52,-0.891,-0.988,1.518128312056103
52,-0.809,-0.988,1.518927630872644
52,-0.707,-0.988,1.516130788498593
52,-0.588,-0.988,1.5176241914151196
52,-0.454,-0.988,1.5158877885257487
52,-0.309,-0.988,1.5171074506338733
52,-0.156,-0.988,1.5133657984264122
52,0.0,-0.988,1.522835356771312
52,0.156,-0.988,1.5248824171300748
52,0.309,-0.988,1.5279806352465592
52,0.454,-0.988,1.529569045913004
52,0.588,-0.988,1.4618980790716491
52,0.707,-0.988,1.4631504273937086
52,0.809,-0.988,1.4467538897890608
52,0.891,-0.988,1.4461085582812487
52,0.951,-0.988,1.4442630529906435
52,0.988,-0.988,1.4472170939495603
52,1.0,-0.988,1.444130042506925
52,-1.0,-0.951,1.513910361438961
52,-0.988,-0.951,1.513774997925189
52,-0.951,-0.951,1.5161430239982636
52,-0.891,-0.951,1.517306109007113
52,-0.809,-0.951,1.5168861622039038
52,-0.707,-0.951,1.5172974306203957
52,-0.588,-0.951,1.5173309754639788
52,-0.454,-0.951,1.5164225556313995
52,-0.309,-0.951,1.5160383015951846
52,-0.156,-0.951,1.515064433595447
52,0.0,-0.951,1.5206765305801389
52,0.156,-0.951,1.5209255693988242
52,0.309,-0.951,1.52870630913247
52,0.454,-0.951,1.5292144918843371
52,0.588,-0.951,1.4658098370867818
52,0.707,-0.951,1.466928108001525
52,0.809,-0.951,1.4435660268837873
52,0.891,-0.951,1.4450296441006945
52,0.951,-0.951,1.4431724231408167
52,0.988,-0.951,1.4457062377431067
52,1.0,-0.951,1.4482266559284227
52,-1.0,-0.891,1.5135581426699727
52,-0.988,-0.891,1.5140284778922501
52,-0.951,-0.891,1.5163177403846277
52,-0.891,-0.891,1.515079411541236
52,-0.809,-0.891,1.5163753596444118
52,-0.707,-0.891,1.5197888146909622
52,-0.588,-0.891,1.518375632354138
52,-0.454,-0.891,1.515108374663237
52,-0.309,-0.891,1.5158284014888739
52,-0.156,-0.891,1.5119014704145948
52,0.0,-0.891,1.5192226969917155
52,0.156,-0.891,1.521293639739983
52,0.309,-0.891,1.5280630336969383
52,0.454,-0.891,1.530117369923872
52,0.588,-0.891,1.4662648544300247
52,0.707,-0.891,1.4694449497258661
52,0.809,-0.891,1.450865575834172
52,0.891,-0.891,1.4533360027561242
52,0.951,-0.891,1.4542084566801643
52,0.988,-0.891,1.4503444502130818
52,1.0,-0.891,1.450543490617969
52,-1.0,-0.809,1.5129796417956591
52,-0.988,-0.809,1.5158909085447445
52,-0.951,-0.809,1.5156709079518031
52,-0.891,-0.809,1.515671873484144
52,-0.809,-0.809,1.5181880437747055
52,-0.707,-0.809,1.5155731949372235
52,-0.588,-0.809,1.5157547299116572
52,-0.454,-0.809,1.511698732176687
52,-0.309,-0.809,1.5141452876619435
52,-0.156,-0.809,1.509044422877284
52,0.0,-0.809,1.5167581135070145
52,0.156,-0.809,1.5196060410884198
52,0.309,-0.809,1.5257270327795884
52,0.454,-0.809,1.527490304279284
52,0.588,-0.809,1.471844554565492
52,0.707,-0.809,1.4734445745370486
52,0.809,-0.809,1.4540983390833098
52,0.891,-0.809,1.452319562045099
52,0.951,-0.809,1.4537169225164552
52,0.988,-0.809,1.4572062243384676
52,1.0,-0.809,1.4535040146409812
52,-1.0,-0.707,1.513074590567816
52,-0.988,-0.707,1.5151779705386215
52,-0.951,-0.707,1.515356687977866
52,-0.891,-0.707,1.5161015100919093
52,-0.809,-0.707,1.5162030336175318
52,-0.707,-0.707,1.5133353399429095
52,-0.588,-0.707,1.5151387776483887
52,-0.454,-0.707,1.5107750065642032
52,-0.309,-0.707,1.513796383391184
52,-0.156,-0.707,1.5053279956072794
52,0.0,-0.707,1.5136625237575432
52,0.156,-0.707,1.514960641783157
52,0.309,-0.707,1.523247460763715
52,0.454,-0.707,1.5254833787064686
52,0.588,-0.707,1.475557724711295
52,0.707,-0.707,1.4779441689495938
52,0.809,-0.707,1.4597728815821507
52,0.891,-0.707,1.456742983851219
52,0.951,-0.707,1.4592209341209803
52,0.988,-0.707,1.4576945781641526
52,1.0,-0.707,1.4595511329642918
52,-1.0,-0.588,1.5133199142663833
52,-0.988,-0.588,1.5139227376945559
52,-0.951,-0.588,1.5146099004315727
52,-0.891,-0.588,1.516077288738116
52,-0.809,-0.588,1.515013185157096
52,-0.707,-0.588,1.5110375151312574
52,-0.588,-0.588,1.5101941122019928
52,-0.454,-0.588,1.5087266756607465
52,-0.309,-0.588,1.5072808882164184
52,-0.156,-0.588,1.4993960869331509
52,0.0,-0.588,1.5079005495394717
52,0.156,-0.588,1.5079285264178577
52,0.309,-0.588,1.5216746222448734
52,0.454,-0.588,1.520341805222993
52,0.588,-0.588,1.4826232941564401
52,0.707,-0.588,1.481495231183525
52,0.809,-0.588,1.4621598448676776
52,0.891,-0.588,1.461483567720353
52,0.951,-0.588,1.4644598856224127
52,0.988,-0.588,1.4630626644206628
52,1.0,-0.588,1.4664139827363285
52,-1.0,-0.454,1.512234303976862
52,-0.988,-0.454,1.5132954442950781
52,-0.951,-0.454,1.513886828212897
52,-0.891,-0.454,1.5153664146227825
52,-0.809,-0.454,1.5146037377704864
52,-0.707,-0.454,1.5055788819541638
52,-0.588,-0.454,1.50952682992337
52,-0.454,-0.454,1.5016396786026853
52,-0.309,-0.454,1.4999204688068715
52,-0.156,-0.454,1.4926179931234924
52,0.0,-0.454,1.5001374470976725
52,0.156,-0.454,1.5034869437361151
52,0.309,-0.454,1.5160079463697553
52,0.454,-0.454,1.517029363602053
52,0.588,-0.454,1.4892357389753128
52,0.707,-0.454,1.491014605586746
52,0.809,-0.454,1.4691352306069823
52,0.891,-0.454,1.4718444590472144
52,0.951,-0.454,1.471210580758992
52,0.988,-0.454,1.469900814508581
52,1.0,-0.454,1.473081260440792
52,-1.0,-0.309,1.5105927362066525
52,-0.988,-0.309,1.509685034283295
52,-0.951,-0.309,1.5151980973841892
52,-0.891,-0.309,1.5142106769854413
52,-0.809,-0.309,1.5157319963759612
52,-0.707,-0.309,1.5001345179132741
52,-0.588,-0.309,1.5016904306190053
52,-0.454,-0.309,1.4939746093133803
52,-0.309,-0.309,1.4954563041488438
52,-0.156,-0.309,1.4850942397904232
52,0.0,-0.309,1.488108840280998
52,0.156,-0.309,1.4913179424136276
52,0.309,-0.309,1.5106915809743413
52,0.454,-0.309,1.5127846357508468
52,0.588,-0.309,1.4958510942475143
52,0.707,-0.309,1.4961406071721877
52,0.809,-0.309,1.47603180395843
52,0.891,-0.309,1.4773183018830085
52,0.951,-0.309,1.4792633068365402
52,0.988,-0.309,1.4783985273706108
52,1.0,-0.309,1.4803800971646341
52,-1.0,-0.156,1.509956028418933
52,-0.988,-0.156,1.5114332697587034
52,-0.951,-0.156,1.5098312098700057
52,-0.891,-0.156,1.5112885958162965
52,-0.809,-0.156,1.5110052475747313
52,-0.707,-0.156,1.4971287238832582
52,-0.588,-0.156,1.494992473098905
52,-0.454,-0.156,1.4835664340071018
52,-0.309,-0.156,1.4854683183226052
52,-0.156,-0.156,1.4740084765622663
52,0.0,-0.156,1.4808457292091441
52,0.156,-0.156,1.4840059633573137
52,0.309,-0.156,1.5040250817093948
52,0.454,-0.156,1.5031597167778639
52,0.588,-0.156,1.5015991325626437
52,0.707,-0.156,1.5034952119323353
52,0.809,-0.156,1.4817289284067896
52,0.891,-0.156,1.4846714520147488
52,0.951,-0.156,1.4855382628654612
52,0.988,-0.156,1.488388806163641
52,1.0,-0.156,1.4873938970233203
52,-1.0,0.0,1.5056898338829927
52,-0.988,0.0,1.5039887250858186
52,-0.951,0.0,1.5062809075693864
52,-0.891,0.0,1.5068635095243055
52,-0.809,0.0,1.505823011014028
52,-0.707,0.0,1.491650664622051
52,-0.588,0.0,1.4910621533660504
52,-0.454,0.0,1.4732348606694938
52,-0.309,0.0,1.473721199858339
52,-0.156,0.0,1.4632828661633512
52,0.0,0.0,1.4690130797707652
52,0.156,0.0,1.4686609181747434
52,0.309,0.0,1.4970521972060846
52,0.454,0.0,1.4966390920843256
52,0.588,0.0,1.5097789045891477
52,0.707,0.0,1.5126079470939242
52,0.809,0.0,1.4919664867283515
52,0.891,0.0,1.4939681387238202
52,0.951,0.0,1.4966169394083628
52,0.988,0.0,1.4953471381506855
52,1.0,0.0,1.4911332092376852
52,-1.0,0.156,1.500352043990086
52,-0.988,0.156,1.49934449924472
52,-0.951,0.156,1.4980856990809845
52,-0.891,0.156,1.5020420827796954
52,-0.809,0.156,1.5016936537781493
52,-0.707,0.156,1.4835271896464286
52,-0.588,0.156,1.4840263284366473
52,-0.454,0.156,1.46245098030586
52,-0.309,0.156,1.4671917367386964
52,-0.156,0.156,1.448631358486803
52,0.0,0.156,1.452632691253654
52,0.156,0.156,1.4538123371909817
52,0.309,0.156,1.4864069727623956
52,0.454,0.156,1.487860478990814
52,0.588,0.156,1.5170280693195286
52,0.707,0.156,1.5179963262572127
52,0.809,0.156,1.503458710168056
52,0.891,0.156,1.5015890289760563
52,0.951,0.156,1.505739828775417
52,0.988,0.156,1.5034635010292288
52,1.0,0.156,1.5043330323187536
52,-1.0,0.309,1.4927054158930053
52,-0.988,0.309,1.4949411515467386
52,-0.951,0.309,1.4954362114609876
52,-0.891,0.309,1.4938314202140033
52,-0.809,0.309,1.4965326614655057
52,-0.707,0.309,1.478203409127508
52,-0.588,0.309,1.4773550397588082
52,-0.454,0.309,1.4541554883527457
52,-0.309,0.309,1.453385402622209
52,-0.156,0.309,1.4328103956355278
52,0.0,0.309,1.4375952073883795
52,0.156,0.309,1.4385135298198157
52,0.309,0.309,1.479500060559372
52,0.454,0.309,1.4819817861591311
52,0.588,0.309,1.5256403490866777
52,0.707,0.309,1.5262018416955585
52,0.809,0.309,1.5126758037879977
52,0.891,0.309,1.515153881610595
52,0.951,0.309,1.515858249023052
52,0.988,0.309,1.5151320365623666
52,1.0,0.309,1.5153588606564015
52,-1.0,0.454,1.4850718116656498
52,-0.988,0.454,1.4861164899844719
52,-0.951,0.454,1.4872640352496866
52,-0.891,0.454,1.4875043963414967
52,-0.809,0.454,1.4890453934719738
52,-0.707,0.454,1.4705153695649502
52,-0.588,0.454,1.471959777221616
52,-0.454,0.454,1.4428143024376376
52,-0.309,0.454,1.4439154619317158
52,-0.156,0.454,1.425487092862965
52,0.0,0.454,1.4214634429528579
52,0.156,0.454,1.4257823876613818
52,0.309,0.454,1.4696076207274609
52,0.454,0.454,1.4721715700795799
52,0.588,0.454,1.52932817487682
52,0.707,0.454,1.5327364549064382
52,0.809,0.454,1.5221981324757952
52,0.891,0.454,1.52381967087494
52,0.951,0.454,1.5224560722221019
52,0.988,0.454,1.5246409649847603
52,1.0,0.454,1.5252836879341496
52,-1.0,0.588,1.4818776213729703
52,-0.988,0.588,1.4820498423449768
52,-0.951,0.588,1.4837642753929594
52,-0.891,0.588,1.4831018629629173
52,-0.809,0.588,1.4820747112910067
52,-0.707,0.588,1.4620207037341197
52,-0.588,0.588,1.4651782347885887
52,-0.454,0.588,1.4320419143940908
52,-0.309,0.588,1.433046194424226
52,-0.156,0.588,1.4112524510300133
52,0.0,0.588,1.4082167404315058
52,0.156,0.588,1.4039581955033609
52,0.309,0.588,1.4611543598999455
52,0.454,0.588,1.463662435686212
52,0.588,0.588,1.536643227081534
52,0.707,0.588,1.5374493089088113
52,0.809,0.588,1.5317304535716423
52,0.891,0.588,1.5325899422964095
52,0.951,0.588,1.5334029589565785
52,0.988,0.588,1.5329527318282097
52,1.0,0.588,1.5343163421498744
52,-1.0,0.707,1.4774790525173456
52,-0.988,0.707,1.4778090441880039
52,-0.951,0.707,1.4784290377333795
52,-0.891,0.707,1.4782009700470453
52,-0.809,0.707,1.481070210004861
52,-0.707,0.707,1.4570780228195412
52,-0.588,0.707,1.4529843874885306
52,-0.454,0.707,1.4179125662408678
52,-0.309,0.707,1.4196510523024435
52,-0.156,0.707,1.3957083100047065
52,0.0,0.707,1.3889566818879908
52,0.156,0.707,1.3918107936654538
52,0.309,0.707,1.4543438343497588
52,0.454,0.707,1.4533774851890344
52,0.588,0.707,1.5411997244161706
52,0.707,0.707,1.545441275497928
52,0.809,0.707,1.5406294518359709
52,0.891,0.707,1.54078586178352
52,0.951,0.707,1.5415586153172283
52,0.988,0.707,1.5406861501397358
52,1.0,0.707,1.5426034744947117
52,-1.0,0.809,1.4726045569210524
52,-0.988,0.809,1.4719875409569527
52,-0.951,0.809,1.4739534899492772
52,-0.891,0.809,1.4763074457901144
52,-0.809,0.809,1.4753981703231174
52,-0.707,0.809,1.4470484542814084
52,-0.588,0.809,1.4484230456468266
52,-0.454,0.809,1.40931372385822
52,-0.309,0.809,1.4099781043986388
52,-0.156,0.809,1.383281614070496
52,0.0,0.809,1.3727850465885632
52,0.156,0.809,1.3754000221744227
52,0.309,0.809,1.4469632143996791
52,0.454,0.809,1.4481672991357966
52,0.588,0.809,1.5464739496985078
52,0.707,0.809,1.5480839644686262
52,0.809,0.809,1.5469356393124805
52,0.891,0.809,1.5470435958482682
52,0.951,0.809,1.5483356013337797
52,0.988,0.809,1.5469785212989515
52,1.0,0.809,1.548166650888511
52,-1.0,0.891,1.4717459070155199
52,-0.988,0.891,1.4712840441408617
52,-0.951,0.891,1.4707822444227006
52,-0.891,0.891,1.4700799279852736
52,-0.809,0.891,1.4721980859336516
52,-0.707,0.891,1.4414023217401482
52,-0.588,0.891,1.4411187822022453
52,-0.454,0.891,1.4009123119633753
52,-0.309,0.891,1.401765822495517
52,-0.156,0.891,1.370931516810947
52,0.0,0.891,1.3652999956035068
52,0.156,0.891,1.368463407199545
52,0.309,0.891,1.4408443068072887
52,0.454,0.891,1.4412329944533397
52,0.588,0.891,1.549133451267317
52,0.707,0.891,1.5494403116798834
52,0.809,0.891,1.55250885599167
52,0.891,0.891,1.5488321128441707
52,0.951,0.891,1.5519980120960755
52,0.988,0.891,1.5512437712530178
52,1.0,0.891,1.5536138433487494
52,-1.0,0.951,1.4672689635202354
52,-0.988,0.951,1.4680102043212202
52,-0.951,0.951,1.466311948692789
52,-0.891,0.951,1.4669216441469788
52,-0.809,0.951,1.4703954664854735
52,-0.707,0.951,1.4352190810314256
52,-0.588,0.951,1.4378429089096139
52,-0.454,0.951,1.393603325402835
52,-0.309,0.951,1.3917784865032763
52,-0.156,0.951,1.3625899466460438
52,0.0,0.951,1.3592287285979796
52,0.156,0.951,1.3601707545167758
52,0.309,0.951,1.435937143007574
52,0.454,0.951,1.4391098046010282
52,0.588,0.951,1.5505845089459718
52,0.707,0.951,1.5517907822389132
52,0.809,0.951,1.5538909233518314
52,0.891,0.951,1.5552000486311877
52,0.951,0.951,1.5567368263163726
52,0.988,0.951,1.554924365777001
52,1.0,0.951,1.5559659895679385
52,-1.0,0.988,1.4638256958239768
52,-0.988,0.988,1.4655685153185911
52,-0.951,0.988,1.465493776471067
52,-0.891,0.988,1.4651768458969119
52,-0.809,0.988,1.4649748310821724
52,-0.707,0.988,1.4324010765682988
52,-0.588,0.988,1.432211975594673
52,-0.454,0.988,1.386239687292985
52,-0.309,0.988,1.3860431567779554
52,-0.156,0.988,1.3544190204929702
52,0.0,0.988,1.3482637444768284
52,0.156,0.988,1.3525306627216347
52,0.309,0.988,1.4333859860356921
52,0.454,0.988,1.435619252206991
52,0.588,0.988,1.5502572394133596
52,0.707,0.988,1.5524301355016326
52,0.809,0.988,1.5545135187329353
52,0.891,0.988,1.5560884036747853
52,0.951,0.988,1.5559154141853577
52,0.988,0.988,1.5566656757221227
52,1.0,0.988,1.5565629094347049
52,-1.0,1.0,1.464286615995108
52,-0.988,1.0,1.4616546077984274
52,-0.951,1.0,1.4645571385545626
52,-0.891,1.0,1.4637682402665408
52,-0.809,1.0,1.4634377602783102
52,-0.707,1.0,1.42875744291839
52,-0.588,1.0,1.431771172821051
52,-0.454,1.0,1.383640747468891
52,-0.309,1.0,1.3816760975659634
52,-0.156,1.0,1.3519673916768047
52,0.0,1.0,1.3449284102152546
52,0.156,1.0,1.3491812969377093
52,0.309,1.0,1.432913480004605
52,0.454,1.0,1.4352952452994534
52,0.588,1.0,1.548124391245575
52,0.707,1.0,1.5495403258809484
52,0.809,1.0,1.5543231857574435
52,0.891,1.0,1.5555079203836057
52,0.951,1.0,1.556996851116619
52,0.988,1.0,1.5557959166188422
52,1.0,1.0,1.5583843934104455
53,-1.0,-1.0,1.12578636738778
53,-0.988,-1.0,1.1258926073953637
53,-0.951,-1.0,1.1251933262735216
53,-0.891,-1.0,1.1258663484023548
53,-0.809,-1.0,1.1270680620410056
53,-0.707,-1.0,1.1266516701786158
53,-0.588,-1.0,1.127414227289172
53,-0.454,-1.0,1.1269731811041452
53,-0.309,-1.0,1.128535620303536
53,-0.156,-1.0,1.126308831118784
53,0.0,-1.0,1.1407339496265072
53,0.156,-1.0,1.14190000548657
53,0.309,-1.0,1.1160520766699884
53,0.454,-1.0,1.1184687901424386
53,0.588,-1.0,1.0910170773501917
53,0.707,-1.0,1.0914480557781794
53,0.809,-1.0,1.1090800183597123
53,0.891,-1.0,1.1094041603552982
53,0.951,-1.0,1.1093641083140466
53,0.988,-1.0,1.1101041497022899
53,1.0,-1.0,1.1105695693486943
53,-1.0,-0.988,1.1268030108277687
53,-0.988,-0.988,1.1269467286407504
53,-0.951,-0.988,1.1277131911805112
53,-0.891,-0.988,1.1279659209978947
53,-0.809,-0.988,1.1280046951509781
53,-0.707,-0.988,1.1288632495516586
53,-0.588,-0.988,1.1296754757492193
53,-0.454,-0.988,1.127461744852555
53,-0.309,-0.988,1.1290548016115658
53,-0.156,-0.988,1.1276657969011894
53,0.0,-0.988,1.1420561888875962
53,0.156,-0.988,1.1434199588248852
53,0.309,-0.988,1.118955889808106
53,0.454,-0.988,1.1194601245937283
53,0.588,-0.988,1.0919273888984322
53,0.707,-0.988,1.0930823475274312
53,0.809,-0.988,1.110338360651572
53,0.891,-0.988,1.1107229358861694
53,0.951,-0.988,1.1110369963600453
53,0.988,-0.988,1.1113733756104636
53,1.0,-0.988,1.1116219594378236
53,-1.0,-0.951,1.1288290513726746
53,-0.988,-0.951,1.128858569112341
53,-0.951,-0.951,1.1285829999380768
53,-0.891,-0.951,1.1294882415618681
53,-0.809,-0.951,1.1302505760298633
53,-0.707,-0.951,1.1296154725017116
53,-0.588,-0.951,1.1316843591908328
53,-0.454,-0.951,1.1289648269329675
53,-0.309,-0.951,1.12997806069062
53,-0.156,-0.951,1.1289810412467738
53,0.0,-0.951,1.1433126905587843
53,0.156,-0.951,1.1442665675076547
53,0.309,-0.951,1.118614730987925
53,0.454,-0.951,1.1202250537808647
53,0.588,-0.951,1.0940899683459246
53,0.707,-0.951,1.0958563211006234
53,0.809,-0.951,1.1111392987809863
53,0.891,-0.951,1.1117917566209112
53,0.951,-0.951,1.1124754921915045
53,0.988,-0.951,1.113522816737151
53,1.0,-0.951,1.1132407513529363
53,-1.0,-0.891,1.1297536733175186
53,-0.988,-0.891,1.1299443557559277
53,-0.951,-0.891,1.1306025634757872
53,-0.891,-0.891,1.1313685568990008
53,-0.809,-0.891,1.1313183511850537
53,-0.707,-0.891,1.1310680089638776
53,-0.588,-0.891,1.1328833265397258
53,-0.454,-0.891,1.12901403858126
53,-0.309,-0.891,1.1308421139535798
53,-0.156,-0.891,1.1289601567763201
53,0.0,-0.891,1.1440743363289838
53,0.156,-0.891,1.1457714267311856
53,0.309,-0.891,1.1207978279918187
53,0.454,-0.891,1.1227702264508495
53,0.588,-0.891,1.0951683542815547
53,0.707,-0.891,1.0967910385364639
53,0.809,-0.891,1.113329601670596
53,0.891,-0.891,1.113221361332982
53,0.951,-0.891,1.1144124561882567
53,0.988,-0.891,1.1149196253761915
53,1.0,-0.891,1.1147271133100598
53,-1.0,-0.809,1.1314597916558038
53,-0.988,-0.809,1.1312875552479524
53,-0.951,-0.809,1.1319798197380866
53,-0.891,-0.809,1.131614435517021
53,-0.809,-0.809,1.1325042523914417
53,-0.707,-0.809,1.1319446508543942
53,-0.588,-0.809,1.1335201829288493
53,-0.454,-0.809,1.129089142948047
53,-0.309,-0.809,1.1298830466453642
53,-0.156,-0.809,1.128805486917761
53,0.0,-0.809,1.1449827797196432
53,0.156,-0.809,1.1462356533884228
53,0.309,-0.809,1.1219996345873715
53,0.454,-0.809,1.1242703834677041
53,0.588,-0.809,1.097329013580941
53,0.707,-0.809,1.0981752544801822
53,0.809,-0.809,1.114127775805225
53,0.891,-0.809,1.1148089488237958
53,0.951,-0.809,1.1159549338834998
53,0.988,-0.809,1.115592673327439
53,1.0,-0.809,1.1162440929840114
53,-1.0,-0.707,1.131933484344684
53,-0.988,-0.707,1.133086941108766
53,-0.951,-0.707,1.132997304384606
53,-0.891,-0.707,1.133716002320689
53,-0.809,-0.707,1.1339249536493994
53,-0.707,-0.707,1.1308841466076252
53,-0.588,-0.707,1.1327918833685562
53,-0.454,-0.707,1.12830004668553
53,-0.309,-0.707,1.1288650304431957
53,-0.156,-0.707,1.1284176742737138
53,0.0,-0.707,1.14507810128707
53,0.156,-0.707,1.1459383828195897
53,0.309,-0.707,1.1229754028294958
53,0.454,-0.707,1.125206518248411
53,0.588,-0.707,1.0978378056278082
53,0.707,-0.707,1.0997399191880866
53,0.809,-0.707,1.1158768079008539
53,0.891,-0.707,1.1161361163524954
53,0.951,-0.707,1.1168410618753042
53,0.988,-0.707,1.1175528794165945
53,1.0,-0.707,1.117271229427679
53,-1.0,-0.588,1.132646809896105
53,-0.988,-0.588,1.1325422685052144
53,-0.951,-0.588,1.1335478723337582
53,-0.891,-0.588,1.1341010908969136
53,-0.809,-0.588,1.1349277052146398
53,-0.707,-0.588,1.130090041274991
53,-0.588,-0.588,1.1318657156945036
53,-0.454,-0.588,1.1263744249666814
53,-0.309,-0.588,1.1280288104758902
53,-0.156,-0.588,1.1279226691759
53,0.0,-0.588,1.144085942476187
53,0.156,-0.588,1.1460468301017979
53,0.309,-0.588,1.1254176750023717
53,0.454,-0.588,1.1258273858816743
53,0.588,-0.588,1.100168844736031
53,0.707,-0.588,1.1022109986813489
53,0.809,-0.588,1.1165595288973558
53,0.891,-0.588,1.117363923976949
53,0.951,-0.588,1.1184445704954151
53,0.988,-0.588,1.1184370732943256
53,1.0,-0.588,1.118291022835219
53,-1.0,-0.454,1.1321535920333765
53,-0.988,-0.454,1.132701507472721
53,-0.951,-0.454,1.1329963742893758
53,-0.891,-0.454,1.134041595095735
53,-0.809,-0.454,1.1350070548453963
53,-0.707,-0.454,1.12763618357197
53,-0.588,-0.454,1.1286278757013661
53,-0.454,-0.454,1.1261719617789199
53,-0.309,-0.454,1.126590146373252
53,-0.156,-0.454,1.1280035678134055
53,0.0,-0.454,1.1433282073128488
53,0.156,-0.454,1.1444710057926348
53,0.309,-0.454,1.1256018567135813
53,0.454,-0.454,1.1269351801559828
53,0.588,-0.454,1.102690080131875
53,0.707,-0.454,1.1044391924901307
53,0.809,-0.454,1.117776553847035
53,0.891,-0.454,1.118554404074147
53,0.951,-0.454,1.118935996726611
53,0.988,-0.454,1.1197681593021358
53,1.0,-0.454,1.1197444922427737
53,-1.0,-0.309,1.1306451379419524
53,-0.988,-0.309,1.131051636064282
53,-0.951,-0.309,1.1310437070498283
53,-0.891,-0.309,1.132316440267508
53,-0.809,-0.309,1.1330244172309305
53,-0.707,-0.309,1.1253535202012117
53,-0.588,-0.309,1.126326434202295
53,-0.454,-0.309,1.1247573301650646
53,-0.309,-0.309,1.1260910101845858
53,-0.156,-0.309,1.1272954086598626
53,0.0,-0.309,1.1420968675000538
53,0.156,-0.309,1.1433868078290177
53,0.309,-0.309,1.1270807488039523
53,0.454,-0.309,1.1271387118455483
53,0.588,-0.309,1.1047232035767092
53,0.707,-0.309,1.1062959217684583
53,0.809,-0.309,1.1186306298381716
53,0.891,-0.309,1.1186944081572052
53,0.951,-0.309,1.1200839235805546
53,0.988,-0.309,1.1211303955690355
53,1.0,-0.309,1.1203048360242889
53,-1.0,-0.156,1.1261939275167108
53,-0.988,-0.156,1.1266605205244717
53,-0.951,-0.156,1.127651261114733
53,-0.891,-0.156,1.1276518063663952
53,-0.809,-0.156,1.1285845153154992
53,-0.707,-0.156,1.1232374605527413
53,-0.588,-0.156,1.1239413153637206
53,-0.454,-0.156,1.1240859723897882
53,-0.309,-0.156,1.1259722556242482
53,-0.156,-0.156,1.1275421129717431
53,0.0,-0.156,1.1398718778923342
53,0.156,-0.156,1.141495003072939
53,0.309,-0.156,1.1258386054104168
53,0.454,-0.156,1.1279869757070242
53,0.588,-0.156,1.1067958345839541
53,0.707,-0.156,1.1083141281001965
53,0.809,-0.156,1.1203819458663908
53,0.891,-0.156,1.1206689902422502
53,0.951,-0.156,1.1210835551752325
53,0.988,-0.156,1.1215677482585604
53,1.0,-0.156,1.1220463871015074
53,-1.0,0.0,1.1232755858669103
53,-0.988,0.0,1.123009206829488
53,-0.951,0.0,1.1239053866832638
53,-0.891,0.0,1.1240462075154296
53,-0.809,0.0,1.1253258654919636
53,-0.707,0.0,1.1218822304027254
53,-0.588,0.0,1.1225294168564064
53,-0.454,0.0,1.123397295916803
53,-0.309,0.0,1.1245755678602696
53,-0.156,0.0,1.1276335646626865
53,0.0,0.0,1.1375768864404436
53,0.156,0.0,1.138898513116265
53,0.309,0.0,1.1272505279526224
53,0.454,0.0,1.1287444757441278
53,0.588,0.0,1.1094907338207245
53,0.707,0.0,1.1104056468360974
53,0.809,0.0,1.1215928177243621
53,0.891,0.0,1.1216657416130835
53,0.951,0.0,1.1226468672266054
53,0.988,0.0,1.1233710726865531
53,1.0,0.0,1.1231008324888767
53,-1.0,0.156,1.1204370661102427
53,-0.988,0.156,1.1205891603413551
53,-0.951,0.156,1.1200775750183634
53,-0.891,0.156,1.1212230148517848
53,-0.809,0.156,1.1228259508752982
53,-0.707,0.156,1.1207546022202002
53,-0.588,0.156,1.1215748425855365
53,-0.454,0.156,1.1230533725062275
53,-0.309,0.156,1.1246538316925898
53,-0.156,0.156,1.1262065764469207
53,0.0,0.156,1.1336662616046675
53,0.156,0.156,1.1358419789589285
53,0.309,0.156,1.126334544549593
53,0.454,0.156,1.128243622955293
53,0.588,0.156,1.1121481341244313
53,0.707,0.156,1.1133610699980345
53,0.809,0.156,1.1230365153772668
53,0.891,0.156,1.123453135177909
53,0.951,0.156,1.123779504778672
53,0.988,0.156,1.123889442700537
53,1.0,0.156,1.1244929383443436
53,-1.0,0.309,1.1178000671093606
53,-0.988,0.309,1.118282386935266
53,-0.951,0.309,1.1187212760773315
53,-0.891,0.309,1.1200657892537402
53,-0.809,0.309,1.1199127279406718
53,-0.707,0.309,1.1194854997825494
53,-0.588,0.309,1.1201472946711981
53,-0.454,0.309,1.1218628057420088
53,-0.309,0.309,1.1234915902461642
53,-0.156,0.309,1.1239528347878094
53,0.0,0.309,1.1298013187206926
53,0.156,0.309,1.131588262450757
53,0.309,0.309,1.1268574344721956
53,0.454,0.309,1.1284730998102588
53,0.588,0.309,1.1146439520208076
53,0.707,0.309,1.1159443455925133
53,0.809,0.309,1.1234838284821835
53,0.891,0.309,1.1236960227893613
53,0.951,0.309,1.1249764517703513
53,0.988,0.309,1.124781098920019
53,1.0,0.309,1.1252094419313388
53,-1.0,0.454,1.116162059716983
53,-0.988,0.454,1.1158416330855823
53,-0.951,0.454,1.117050528144551
53,-0.891,0.454,1.1174909515006353
53,-0.809,0.454,1.1184856453930303
53,-0.707,0.454,1.1182827837145026
53,-0.588,0.454,1.119975632968967
53,-0.454,0.454,1.1204373672933159
53,-0.309,0.454,1.121179552577469
53,-0.156,0.454,1.1208269275712373
53,0.0,0.454,1.1249829566372989
53,0.156,0.454,1.1274585818311935
53,0.309,0.454,1.1261915386206207
53,0.454,0.454,1.1273654161763877
53,0.588,0.454,1.1174667707815098
53,0.707,0.454,1.119067074817217
53,0.809,0.454,1.1243966009079684
53,0.891,0.454,1.124735584465754
53,0.951,0.454,1.1259646394908078
53,0.988,0.454,1.1260113694858374
53,1.0,0.454,1.1263446492089697
53,-1.0,0.588,1.1148848204293695
53,-0.988,0.588,1.1151072295702915
53,-0.951,0.588,1.115663596639563
53,-0.891,0.588,1.1161235044011966
53,-0.809,0.588,1.1173499641234144
53,-0.707,0.588,1.1169012428126877
53,-0.588,0.588,1.1179227720900722
53,-0.454,0.588,1.1175528222215103
53,-0.309,0.588,1.1193010269917323
53,-0.156,0.588,1.1170703187488449
53,0.0,0.588,1.1210145768277389
53,0.156,0.588,1.122210856003454
53,0.309,0.588,1.1243652870956604
53,0.454,0.588,1.1262886351354373
53,0.588,0.588,1.1197491494536336
53,0.707,0.588,1.121783930478789
53,0.809,0.588,1.1249700702952046
53,0.891,0.588,1.1253142105872471
53,0.951,0.588,1.1261816158957996
53,0.988,0.588,1.1270514421544016
53,1.0,0.588,1.1260480186290083
53,-1.0,0.707,1.1134287017099211
53,-0.988,0.707,1.113682103693832
53,-0.951,0.707,1.1139278082202153
53,-0.891,0.707,1.1148423418156233
53,-0.809,0.707,1.1153930854697762
53,-0.707,0.707,1.1156487518307336
53,-0.588,0.707,1.1164911522686884
53,-0.454,0.707,1.1145426787997683
53,-0.309,0.707,1.116502507029415
53,-0.156,0.707,1.1135019296613868
53,0.0,0.707,1.1162139670279252
53,0.156,0.707,1.1181393239836246
53,0.309,0.707,1.1244588087843814
53,0.454,0.707,1.1248144313714667
53,0.588,0.707,1.1228728265957044
53,0.707,0.707,1.1232706340886984
53,0.809,0.707,1.1251068593362534
53,0.891,0.707,1.126089573248447
53,0.951,0.707,1.126543986665689
53,0.988,0.707,1.126165713908376
53,1.0,0.707,1.1268021143182931
53,-1.0,0.809,1.1119293796734575
53,-0.988,0.809,1.1121132109107212
53,-0.951,0.809,1.1124610138884168
53,-0.891,0.809,1.1124107712002431
53,-0.809,0.809,1.11390600899575
53,-0.707,0.809,1.1140411293383503
53,-0.588,0.809,1.1154785293831433
53,-0.454,0.809,1.109832887333077
53,-0.309,0.809,1.1108862020586627
53,-0.156,0.809,1.109931941197221
53,0.0,0.809,1.112551714968118
53,0.156,0.809,1.1132040793711517
53,0.309,0.809,1.1234403995021618
53,0.454,0.809,1.1247019005981556
53,0.588,0.809,1.1241110989268257
53,0.707,0.809,1.1247162677318518
53,0.809,0.809,1.1249257906476573
53,0.891,0.809,1.124811987391814
53,0.951,0.809,1.1268315658424806
53,0.988,0.809,1.1264690288929262
53,1.0,0.809,1.1262111063210538
53,-1.0,0.891,1.11069816033559
53,-0.988,0.891,1.110744580097734
53,-0.951,0.891,1.1113150587010696
53,-0.891,0.891,1.1113913021063353
53,-0.809,0.891,1.1124642470093535
53,-0.707,0.891,1.1122007090941275
53,-0.588,0.891,1.1137558951013493
53,-0.454,0.891,1.1068490638785986
53,-0.309,0.891,1.1083376547374209
53,-0.156,0.891,1.1067218770993335
53,0.0,0.891,1.1075956615014422
53,0.156,0.891,1.1096452091216877
53,0.309,0.891,1.1227030842591115
53,0.454,0.891,1.1237987335789956
53,0.588,0.891,1.125602360409995
53,0.707,0.891,1.1268500211235983
53,0.809,0.891,1.1244286463400008
53,0.891,0.891,1.1253479370954615
53,0.951,0.891,1.1254921419050956
53,0.988,0.891,1.1263825117680453
53,1.0,0.891,1.1265929437728743
53,-1.0,0.951,1.1088089584759484
53,-0.988,0.951,1.1088928652923666
53,-0.951,0.951,1.1096692299853281
53,-0.891,0.951,1.1102211399242414
53,-0.809,0.951,1.1109736234904701
53,-0.707,0.951,1.11004784317212
53,-0.588,0.951,1.1117850014688384
53,-0.454,0.951,1.1037004935555736
53,-0.309,0.951,1.1058973984982545
53,-0.156,0.951,1.104678002070668
53,0.0,0.951,1.1045874845374772
53,0.156,0.951,1.1060131813165213
53,0.309,0.951,1.121198106606738
53,0.454,0.951,1.122098011653161
53,0.588,0.951,1.1253984262339858
53,0.707,0.951,1.1276411378532247
53,0.809,0.951,1.1240064095237623
53,0.891,0.951,1.1243200683531314
53,0.951,0.951,1.1257183875996204
53,0.988,0.951,1.1257680917644761
53,1.0,0.951,1.1254748064886742
53,-1.0,0.988,1.10744760521792
53,-0.988,0.988,1.1078946106595315
53,-0.951,0.988,1.1082207234158512
53,-0.891,0.988,1.1082873650256926
53,-0.809,0.988,1.1091473242437302
53,-0.707,0.988,1.1083674662791987
53,-0.588,0.988,1.1092798382302547
53,-0.454,0.988,1.1014800472419843
53,-0.309,0.988,1.103288193134108
53,-0.156,0.988,1.1015854740527529
53,0.0,0.988,1.101929557264488
53,0.156,0.988,1.1043696521988475
53,0.309,0.988,1.119777994090403
53,0.454,0.988,1.1202745776673135
53,0.588,0.988,1.1254378447117546
53,0.707,0.988,1.1260009732660352
53,0.809,0.988,1.1232883825953317
53,0.891,0.988,1.1243733883078288
53,0.951,0.988,1.1250901262703144
53,0.988,0.988,1.1249583132459509
53,1.0,0.988,1.1252728462004133
53,-1.0,1.0,1.105414336641828
53,-0.988,1.0,1.1055453810806424
53,-0.951,1.0,1.1054723568287637
53,-0.891,1.0,1.1076326057513506
53,-0.809,1.0,1.107864889020785
53,-0.707,1.0,1.1065557214344317
53,-0.588,1.0,1.1082405334228889
53,-0.454,1.0,1.0984775774293027
53,-0.309,1.0,1.1004862895754055
53,-0.156,1.0,1.1003504493301985
53,0.0,1.0,1.099676759048664
53,0.156,1.0,1.1017256502202846
53,0.309,1.0,1.1177662130537418
53,0.454,1.0,1.1198393576106063
53,0.588,1.0,1.1241090719429854
53,0.707,1.0,1.1259157714960708
53,0.809,1.0,1.1216381991335131
53,0.891,1.0,1.1225837252346906
53,0.951,1.0,1.1231343763829327
53,0.988,1.0,1.1228349319833335
53,1.0,1.0,1.1236905964782538
